<metadata><eainfo><detailed Name="UGB_Line"><enttyp><enttypl Sync="TRUE">UGB_Line</enttypl><enttypt Sync="TRUE">Feature Class</enttypt><enttypc Sync="TRUE">0</enttypc></enttyp><attr><attrlabl Sync="TRUE">FID</attrlabl><attalias Sync="TRUE">FID</attalias><attrtype Sync="TRUE">OID</attrtype><attwidth Sync="TRUE">4</attwidth><atprecis Sync="TRUE">0</atprecis><attscale Sync="TRUE">0</attscale><attrdef Sync="TRUE">Internal feature number.</attrdef><attrdefs Sync="TRUE">Esri</attrdefs><attrdomv><udom Sync="TRUE">Sequential unique whole numbers that are automatically generated.</udom></attrdomv></attr><attr><attrlabl>SHAPE</attrlabl><attrdef>Feature geometry.</attrdef><attrdefs>ESRI</attrdefs><attrdomv><udom>Coordinates defining the features.</udom></attrdomv><attalias Sync="TRUE">Shape</attalias><attrtype Sync="TRUE">Geometry</attrtype><attwidth Sync="TRUE">0</attwidth><atprecis Sync="TRUE">0</atprecis><attscale Sync="TRUE">0</attscale></attr><attr><attrlabl Sync="TRUE">LAND_TYPE</attrlabl><attalias Sync="TRUE">LAND_TYPE</attalias><attrtype Sync="TRUE">Integer</attrtype><attwidth Sync="TRUE">5</attwidth><atprecis Sync="TRUE">5</atprecis><attscale Sync="TRUE">0</attscale></attr><attr><attrlabl>ADD_DATE</attrlabl><attalias Sync="TRUE">ADD_DATE</attalias><attrtype Sync="TRUE">Date</attrtype><attwidth Sync="TRUE">8</attwidth><atprecis Sync="TRUE">0</atprecis><attscale Sync="TRUE">0</attscale></attr><attr><attrlabl Sync="TRUE">AREA_ACRE</attrlabl><attalias Sync="TRUE">AREA_ACRE</attalias><attrtype Sync="TRUE">Double</attrtype><attwidth Sync="TRUE">19</attwidth><atprecis Sync="TRUE">18</atprecis><attscale Sync="TRUE">8</attscale></attr><attr><attrlabl Sync="TRUE">SHAPE_AREA</attrlabl><attalias Sync="TRUE">SHAPE_AREA</attalias><attrtype Sync="TRUE">Double</attrtype><attwidth Sync="TRUE">19</attwidth><atprecis Sync="TRUE">0</atprecis><attscale Sync="TRUE">0</attscale><attrdef Sync="TRUE">Area of feature in internal units squared.</attrdef><attrdefs Sync="TRUE">Esri</attrdefs><attrdomv><udom Sync="TRUE">Positive real numbers that are automatically generated.</udom></attrdomv></attr><attr><attrlabl Sync="TRUE">SHAPE_LEN</attrlabl><attalias Sync="TRUE">SHAPE_LEN</attalias><attrtype Sync="TRUE">Double</attrtype><attwidth Sync="TRUE">19</attwidth><atprecis Sync="TRUE">0</atprecis><attscale Sync="TRUE">0</attscale></attr></detailed><detailed><enttyp><enttypl>URDL_poly</enttypl></enttyp></detailed></eainfo><Esri><MetaID>{7CFD37FA-906F-400B-A880-23BC25E7564D}</MetaID><CreaDate>20071227</CreaDate><CreaTime>11483900</CreaTime><SyncOnce>FALSE</SyncOnce><SyncDate>20210823</SyncDate><SyncTime>10130400</SyncTime><ModDate>20210823</ModDate><ModTime>10130400</ModTime><DataProperties><itemProps><itemName Sync="TRUE">UGB_Line</itemName><nativeExtBox><westBL Sync="TRUE">1341577.476250</westBL><eastBL Sync="TRUE">1514049.218500</eastBL><southBL Sync="TRUE">543287.135250</southBL><northBL Sync="TRUE">748561.000000</northBL><exTypeCode Sync="TRUE">1</exTypeCode></nativeExtBox><itemLocation><linkage Sync="TRUE">file://\\DESKTOP-R19ITKA\D$\Baltimore\Github_Data\UGB_Line.shp</linkage><protocol Sync="TRUE">Local Area Network</protocol></itemLocation><imsContentType Sync="TRUE">002</imsContentType><itemSize Sync="TRUE">0.000</itemSize></itemProps><coordRef><type Sync="TRUE">Projected</type><geogcsn Sync="TRUE">GCS_North_American_1983_HARN</geogcsn><csUnits Sync="TRUE">Linear Unit: Foot_US (0.304801)</csUnits><projcsn Sync="TRUE">NAD_1983_HARN_StatePlane_Maryland_FIPS_1900_Feet</projcsn><peXml Sync="TRUE">&lt;ProjectedCoordinateSystem xsi:type='typens:ProjectedCoordinateSystem' xmlns:xsi='http://www.w3.org/2001/XMLSchema-instance' xmlns:xs='http://www.w3.org/2001/XMLSchema' xmlns:typens='http://www.esri.com/schemas/ArcGIS/2.8.0'&gt;&lt;WKT&gt;PROJCS[&amp;quot;NAD_1983_HARN_StatePlane_Maryland_FIPS_1900_Feet&amp;quot;,GEOGCS[&amp;quot;GCS_North_American_1983_HARN&amp;quot;,DATUM[&amp;quot;D_North_American_1983_HARN&amp;quot;,SPHEROID[&amp;quot;GRS_1980&amp;quot;,6378137.0,298.257222101]],PRIMEM[&amp;quot;Greenwich&amp;quot;,0.0],UNIT[&amp;quot;Degree&amp;quot;,0.0174532925199433]],PROJECTION[&amp;quot;Lambert_Conformal_Conic&amp;quot;],PARAMETER[&amp;quot;False_Easting&amp;quot;,1312333.333333333],PARAMETER[&amp;quot;False_Northing&amp;quot;,0.0],PARAMETER[&amp;quot;Central_Meridian&amp;quot;,-77.0],PARAMETER[&amp;quot;Standard_Parallel_1&amp;quot;,38.3],PARAMETER[&amp;quot;Standard_Parallel_2&amp;quot;,39.45],PARAMETER[&amp;quot;Latitude_Of_Origin&amp;quot;,37.66666666666666],UNIT[&amp;quot;Foot_US&amp;quot;,0.3048006096012192],AUTHORITY[&amp;quot;EPSG&amp;quot;,2893]]&lt;/WKT&gt;&lt;XOrigin&gt;-120561100&lt;/XOrigin&gt;&lt;YOrigin&gt;-95444400&lt;/YOrigin&gt;&lt;XYScale&gt;36953082.294548117&lt;/XYScale&gt;&lt;ZOrigin&gt;-100000&lt;/ZOrigin&gt;&lt;ZScale&gt;10000&lt;/ZScale&gt;&lt;MOrigin&gt;-100000&lt;/MOrigin&gt;&lt;MScale&gt;10000&lt;/MScale&gt;&lt;XYTolerance&gt;0.0032808333333333331&lt;/XYTolerance&gt;&lt;ZTolerance&gt;0.001&lt;/ZTolerance&gt;&lt;MTolerance&gt;0.001&lt;/MTolerance&gt;&lt;HighPrecision&gt;true&lt;/HighPrecision&gt;&lt;WKID&gt;2893&lt;/WKID&gt;&lt;LatestWKID&gt;2893&lt;/LatestWKID&gt;&lt;/ProjectedCoordinateSystem&gt;</peXml></coordRef><lineage><Process ToolSource="c:\program files\arcgis\pro\Resources\ArcToolbox\toolboxes\Conversion Tools.tbx\FeatureClassToFeatureClass" Date="20210714" Time="153520">FeatureClassToFeatureClass URDL C:\Users\ruoyu\Box\Baltimore_WTP\OutFigures URDL.shp # "ADD_DATE "ADD_DATE" true true false 8 Date 0 0,First,#,URDL,ADD_DATE,-1,-1;LAND_TYPE "LAND_TYPE" true true false 5 Long 0 5,First,#,URDL,LAND_TYPE,-1,-1;AREA_ACRE "AREA_ACRE" true true false 19 Double 8 18,First,#,URDL,AREA_ACRE,-1,-1;SHAPE_AREA "SHAPE_AREA" true true false 19 Double 0 0,First,#,URDL,SHAPE_AREA,-1,-1;SHAPE_LEN "SHAPE_LEN" true true false 19 Double 0 0,First,#,URDL,SHAPE_LEN,-1,-1" #</Process><Process ToolSource="c:\program files\arcgis\pro\Resources\ArcToolbox\toolboxes\Conversion Tools.tbx\FeatureClassToFeatureClass" Date="20210823" Time="101304">FeatureClassToFeatureClass URDL D:\Baltimore\Github_Data UGB_Line.shp # "ADD_DATE "ADD_DATE" true true false 8 Date 0 0,First,#,URDL,ADD_DATE,-1,-1;LAND_TYPE "LAND_TYPE" true true false 5 Long 0 5,First,#,URDL,LAND_TYPE,-1,-1;AREA_ACRE "AREA_ACRE" true true false 19 Double 8 18,First,#,URDL,AREA_ACRE,-1,-1;SHAPE_AREA "SHAPE_AREA" true true false 19 Double 0 0,First,#,URDL,SHAPE_AREA,-1,-1;SHAPE_LEN "SHAPE_LEN" true true false 19 Double 0 0,First,#,URDL,SHAPE_LEN,-1,-1" #</Process></lineage></DataProperties><ArcGISFormat>1.0</ArcGISFormat></Esri><mdLang><languageCode value="eng"/><countryCode value="USA" Sync="TRUE"></countryCode></mdLang><mdChar><CharSetCd value="004"/></mdChar><mdHrLv><ScopeCd value="005"/></mdHrLv><mdStanName>ArcGIS Metadata</mdStanName><mdStanVer>1.0</mdStanVer><dataIdInfo><envirDesc Sync="TRUE">Microsoft Windows 10 Version 10.0 (Build 19042) ; Esri ArcGIS 12.8.0.29751</envirDesc><dataLang><languageCode value="eng" Sync="TRUE"></languageCode><countryCode value="USA" Sync="TRUE"></countryCode></dataLang><idCitation><resTitle Sync="TRUE">UGB_Line</resTitle><presForm><PresFormCd value="005" Sync="TRUE"></PresFormCd></presForm></idCitation><spatRpType><SpatRepTypCd value="001" Sync="TRUE"></SpatRepTypCd></spatRpType><dataExt><geoEle><GeoBndBox esriExtentType="search"><exTypeCode Sync="TRUE">1</exTypeCode><westBL Sync="TRUE">-76.896868</westBL><eastBL Sync="TRUE">-76.282962</eastBL><northBL Sync="TRUE">39.721937</northBL><southBL Sync="TRUE">39.156276</southBL></GeoBndBox></geoEle></dataExt></dataIdInfo><distInfo><distFormat><formatName Sync="TRUE">Shapefile</formatName></distFormat><distTranOps><transSize Sync="TRUE">0.000</transSize></distTranOps></distInfo><mdHrLvName Sync="TRUE">dataset</mdHrLvName><refSysInfo><RefSystem><refSysID><identCode code="2893" Sync="TRUE"></identCode><idCodeSpace Sync="TRUE">EPSG</idCodeSpace><idVersion Sync="TRUE">6.3(9.0.0)</idVersion></refSysID></RefSystem></refSysInfo><spatRepInfo><VectSpatRep><geometObjs Name="UGB_Line"><geoObjTyp><GeoObjTypCd value="002" Sync="TRUE"></GeoObjTypCd></geoObjTyp><geoObjCnt Sync="TRUE">0</geoObjCnt></geometObjs><topLvl><TopoLevCd value="001" Sync="TRUE"></TopoLevCd></topLvl></VectSpatRep></spatRepInfo><spdoinfo><ptvctinf><esriterm Name="UGB_Line"><efeatyp Sync="TRUE">Simple</efeatyp><efeageom code="4" Sync="TRUE"></efeageom><esritopo Sync="TRUE">FALSE</esritopo><efeacnt Sync="TRUE">0</efeacnt><spindex Sync="TRUE">FALSE</spindex><linrefer Sync="TRUE">FALSE</linrefer></esriterm></ptvctinf></spdoinfo><mdDateSt Sync="TRUE">20210823</mdDateSt></metadata>
