<?xml version="1.0" encoding="UTF-8"?>
<metadata xml:lang="en"><Esri><CreaDate>20210601</CreaDate><CreaTime>09413200</CreaTime><ArcGISFormat>1.0</ArcGISFormat><SyncOnce>FALSE</SyncOnce><DataProperties><itemProps><itemName Sync="TRUE">StudyWatersheds</itemName><imsContentType Sync="TRUE">002</imsContentType><itemSize Sync="TRUE">0.000</itemSize><itemLocation><linkage Sync="TRUE">file://\\DESKTOP-R19ITKA\D$\Baltimore\Github_Data\StudyWatersheds.shp</linkage><protocol Sync="TRUE">Local Area Network</protocol></itemLocation></itemProps><coordRef><type Sync="TRUE">Geographic</type><geogcsn Sync="TRUE">GCS_WGS_1984</geogcsn><csUnits Sync="TRUE">Angular Unit: Degree (0.017453)</csUnits><peXml Sync="TRUE">&lt;GeographicCoordinateSystem xsi:type='typens:GeographicCoordinateSystem' xmlns:xsi='http://www.w3.org/2001/XMLSchema-instance' xmlns:xs='http://www.w3.org/2001/XMLSchema' xmlns:typens='http://www.esri.com/schemas/ArcGIS/2.8.0'&gt;&lt;WKT&gt;GEOGCS[&amp;quot;GCS_WGS_1984&amp;quot;,DATUM[&amp;quot;D_WGS_1984&amp;quot;,SPHEROID[&amp;quot;WGS_1984&amp;quot;,6378137.0,298.257223563]],PRIMEM[&amp;quot;Greenwich&amp;quot;,0.0],UNIT[&amp;quot;Degree&amp;quot;,0.0174532925199433],AUTHORITY[&amp;quot;EPSG&amp;quot;,4326]]&lt;/WKT&gt;&lt;XOrigin&gt;-400&lt;/XOrigin&gt;&lt;YOrigin&gt;-400&lt;/YOrigin&gt;&lt;XYScale&gt;11258999068426.238&lt;/XYScale&gt;&lt;ZOrigin&gt;-100000&lt;/ZOrigin&gt;&lt;ZScale&gt;10000&lt;/ZScale&gt;&lt;MOrigin&gt;-100000&lt;/MOrigin&gt;&lt;MScale&gt;10000&lt;/MScale&gt;&lt;XYTolerance&gt;8.983152841195215e-09&lt;/XYTolerance&gt;&lt;ZTolerance&gt;0.001&lt;/ZTolerance&gt;&lt;MTolerance&gt;0.001&lt;/MTolerance&gt;&lt;HighPrecision&gt;true&lt;/HighPrecision&gt;&lt;LeftLongitude&gt;-180&lt;/LeftLongitude&gt;&lt;WKID&gt;4326&lt;/WKID&gt;&lt;LatestWKID&gt;4326&lt;/LatestWKID&gt;&lt;/GeographicCoordinateSystem&gt;</peXml></coordRef><lineage><Process ToolSource="c:\program files\arcgis\pro\Resources\ArcToolbox\toolboxes\Data Management Tools.tbx\Merge" Date="20210601" Time="094133">Merge JonesFalls;GwynnsFalls;BackRiver D:\Baltimore\watersheds\MainWatersheds\MergedWatersheds.shp "Name "Name" true true false 254 Text 0 0,First,#,JonesFalls,Name,0,254,GwynnsFalls,Name,0,254,BackRiver,Name,0,254;descriptio "descriptio" true true false 254 Text 0 0,First,#,JonesFalls,descriptio,0,254,GwynnsFalls,descriptio,0,254,BackRiver,descriptio,0,254;timestamp "timestamp" true true false 24 Text 0 0,First,#,JonesFalls,timestamp,0,24,GwynnsFalls,timestamp,0,24,BackRiver,timestamp,0,24;begin "begin" true true false 24 Text 0 0,First,#,JonesFalls,begin,0,24,GwynnsFalls,begin,0,24,BackRiver,begin,0,24;end "end" true true false 24 Text 0 0,First,#,JonesFalls,end,0,24,GwynnsFalls,end,0,24,BackRiver,end,0,24;altitudeMo "altitudeMo" true true false 254 Text 0 0,First,#,JonesFalls,altitudeMo,0,254,GwynnsFalls,altitudeMo,0,254,BackRiver,altitudeMo,0,254;tessellate "tessellate" true true false 10 Long 0 10,First,#,JonesFalls,tessellate,-1,-1,GwynnsFalls,tessellate,-1,-1,BackRiver,tessellate,-1,-1;extrude "extrude" true true false 10 Long 0 10,First,#,JonesFalls,extrude,-1,-1,GwynnsFalls,extrude,-1,-1,BackRiver,extrude,-1,-1;visibility "visibility" true true false 10 Long 0 10,First,#,JonesFalls,visibility,-1,-1,GwynnsFalls,visibility,-1,-1,BackRiver,visibility,-1,-1;drawOrder "drawOrder" true true false 10 Long 0 10,First,#,JonesFalls,drawOrder,-1,-1,GwynnsFalls,drawOrder,-1,-1,BackRiver,drawOrder,-1,-1;icon "icon" true true false 254 Text 0 0,First,#,JonesFalls,icon,0,254,GwynnsFalls,icon,0,254,BackRiver,icon,0,254;total_area "total_area" true true false 254 Text 0 0,First,#,JonesFalls,total_area,0,254,GwynnsFalls,total_area,0,254,BackRiver,total_area,0,254"</Process><Process ToolSource="c:\program files\arcgis\pro\Resources\ArcToolbox\toolboxes\Conversion Tools.tbx\FeatureClassToFeatureClass" Date="20210823" Time="101202">FeatureClassToFeatureClass "Study Watersheds" D:\Baltimore\Github_Data StudyWatersheds.shp # "Name "Name" true true false 254 Text 0 0,First,#,Study Watersheds,Name,0,254;descriptio "descriptio" true true false 254 Text 0 0,First,#,Study Watersheds,descriptio,0,254;timestamp "timestamp" true true false 24 Text 0 0,First,#,Study Watersheds,timestamp,0,24;begin "begin" true true false 24 Text 0 0,First,#,Study Watersheds,begin,0,24;end "end" true true false 24 Text 0 0,First,#,Study Watersheds,end,0,24;altitudeMo "altitudeMo" true true false 254 Text 0 0,First,#,Study Watersheds,altitudeMo,0,254;tessellate "tessellate" true true false 10 Long 0 10,First,#,Study Watersheds,tessellate,-1,-1;extrude "extrude" true true false 10 Long 0 10,First,#,Study Watersheds,extrude,-1,-1;visibility "visibility" true true false 10 Long 0 10,First,#,Study Watersheds,visibility,-1,-1;drawOrder "drawOrder" true true false 10 Long 0 10,First,#,Study Watersheds,drawOrder,-1,-1;icon "icon" true true false 254 Text 0 0,First,#,Study Watersheds,icon,0,254;total_area "total_area" true true false 254 Text 0 0,First,#,Study Watersheds,total_area,0,254" #</Process></lineage></DataProperties><SyncDate>20210823</SyncDate><SyncTime>10120100</SyncTime><ModDate>20210823</ModDate><ModTime>10120100</ModTime></Esri><dataIdInfo><envirDesc Sync="TRUE">Microsoft Windows 10 Version 10.0 (Build 19042) ; Esri ArcGIS 12.8.0.29751</envirDesc><dataLang><languageCode value="eng" Sync="TRUE"></languageCode><countryCode value="USA" Sync="TRUE"></countryCode></dataLang><idCitation><resTitle Sync="TRUE">StudyWatersheds</resTitle><presForm><PresFormCd value="005" Sync="TRUE"></PresFormCd></presForm></idCitation><spatRpType><SpatRepTypCd value="001" Sync="TRUE"></SpatRepTypCd></spatRpType></dataIdInfo><mdLang><languageCode value="eng" Sync="TRUE"></languageCode><countryCode value="USA" Sync="TRUE"></countryCode></mdLang><mdChar><CharSetCd value="004" Sync="TRUE"></CharSetCd></mdChar><distInfo><distFormat><formatName Sync="TRUE">Shapefile</formatName></distFormat><distTranOps><transSize Sync="TRUE">0.000</transSize></distTranOps></distInfo><mdHrLv><ScopeCd value="005" Sync="TRUE"></ScopeCd></mdHrLv><mdHrLvName Sync="TRUE">dataset</mdHrLvName><refSysInfo><RefSystem><refSysID><identCode code="4326" Sync="TRUE"></identCode><idCodeSpace Sync="TRUE">EPSG</idCodeSpace><idVersion Sync="TRUE">6.2(3.0.1)</idVersion></refSysID></RefSystem></refSysInfo><spatRepInfo><VectSpatRep><geometObjs Name="StudyWatersheds"><geoObjTyp><GeoObjTypCd value="002" Sync="TRUE"></GeoObjTypCd></geoObjTyp><geoObjCnt Sync="TRUE">0</geoObjCnt></geometObjs><topLvl><TopoLevCd value="001" Sync="TRUE"></TopoLevCd></topLvl></VectSpatRep></spatRepInfo><spdoinfo><ptvctinf><esriterm Name="StudyWatersheds"><efeatyp Sync="TRUE">Simple</efeatyp><efeageom code="4" Sync="TRUE"></efeageom><esritopo Sync="TRUE">FALSE</esritopo><efeacnt Sync="TRUE">0</efeacnt><spindex Sync="TRUE">FALSE</spindex><linrefer Sync="TRUE">TRUE</linrefer></esriterm></ptvctinf></spdoinfo><eainfo><detailed Name="StudyWatersheds"><enttyp><enttypl Sync="TRUE">StudyWatersheds</enttypl><enttypt Sync="TRUE">Feature Class</enttypt><enttypc Sync="TRUE">0</enttypc></enttyp><attr><attrlabl Sync="TRUE">FID</attrlabl><attalias Sync="TRUE">FID</attalias><attrtype Sync="TRUE">OID</attrtype><attwidth Sync="TRUE">4</attwidth><atprecis Sync="TRUE">0</atprecis><attscale Sync="TRUE">0</attscale><attrdef Sync="TRUE">Internal feature number.</attrdef><attrdefs Sync="TRUE">Esri</attrdefs><attrdomv><udom Sync="TRUE">Sequential unique whole numbers that are automatically generated.</udom></attrdomv></attr><attr><attrlabl Sync="TRUE">Shape</attrlabl><attalias Sync="TRUE">Shape</attalias><attrtype Sync="TRUE">Geometry</attrtype><attwidth Sync="TRUE">0</attwidth><atprecis Sync="TRUE">0</atprecis><attscale Sync="TRUE">0</attscale><attrdef Sync="TRUE">Feature geometry.</attrdef><attrdefs Sync="TRUE">Esri</attrdefs><attrdomv><udom Sync="TRUE">Coordinates defining the features.</udom></attrdomv></attr><attr><attrlabl Sync="TRUE">Name</attrlabl><attalias Sync="TRUE">Name</attalias><attrtype Sync="TRUE">String</attrtype><attwidth Sync="TRUE">254</attwidth><atprecis Sync="TRUE">0</atprecis><attscale Sync="TRUE">0</attscale></attr><attr><attrlabl Sync="TRUE">descriptio</attrlabl><attalias Sync="TRUE">descriptio</attalias><attrtype Sync="TRUE">String</attrtype><attwidth Sync="TRUE">254</attwidth><atprecis Sync="TRUE">0</atprecis><attscale Sync="TRUE">0</attscale></attr><attr><attrlabl Sync="TRUE">timestamp</attrlabl><attalias Sync="TRUE">timestamp</attalias><attrtype Sync="TRUE">String</attrtype><attwidth Sync="TRUE">24</attwidth><atprecis Sync="TRUE">0</atprecis><attscale Sync="TRUE">0</attscale></attr><attr><attrlabl Sync="TRUE">begin</attrlabl><attalias Sync="TRUE">begin</attalias><attrtype Sync="TRUE">String</attrtype><attwidth Sync="TRUE">24</attwidth><atprecis Sync="TRUE">0</atprecis><attscale Sync="TRUE">0</attscale></attr><attr><attrlabl Sync="TRUE">end</attrlabl><attalias Sync="TRUE">end</attalias><attrtype Sync="TRUE">String</attrtype><attwidth Sync="TRUE">24</attwidth><atprecis Sync="TRUE">0</atprecis><attscale Sync="TRUE">0</attscale></attr><attr><attrlabl Sync="TRUE">altitudeMo</attrlabl><attalias Sync="TRUE">altitudeMo</attalias><attrtype Sync="TRUE">String</attrtype><attwidth Sync="TRUE">254</attwidth><atprecis Sync="TRUE">0</atprecis><attscale Sync="TRUE">0</attscale></attr><attr><attrlabl Sync="TRUE">tessellate</attrlabl><attalias Sync="TRUE">tessellate</attalias><attrtype Sync="TRUE">Integer</attrtype><attwidth Sync="TRUE">10</attwidth><atprecis Sync="TRUE">10</atprecis><attscale Sync="TRUE">0</attscale></attr><attr><attrlabl Sync="TRUE">extrude</attrlabl><attalias Sync="TRUE">extrude</attalias><attrtype Sync="TRUE">Integer</attrtype><attwidth Sync="TRUE">10</attwidth><atprecis Sync="TRUE">10</atprecis><attscale Sync="TRUE">0</attscale></attr><attr><attrlabl Sync="TRUE">visibility</attrlabl><attalias Sync="TRUE">visibility</attalias><attrtype Sync="TRUE">Integer</attrtype><attwidth Sync="TRUE">10</attwidth><atprecis Sync="TRUE">10</atprecis><attscale Sync="TRUE">0</attscale></attr><attr><attrlabl Sync="TRUE">drawOrder</attrlabl><attalias Sync="TRUE">drawOrder</attalias><attrtype Sync="TRUE">Integer</attrtype><attwidth Sync="TRUE">10</attwidth><atprecis Sync="TRUE">10</atprecis><attscale Sync="TRUE">0</attscale></attr><attr><attrlabl Sync="TRUE">icon</attrlabl><attalias Sync="TRUE">icon</attalias><attrtype Sync="TRUE">String</attrtype><attwidth Sync="TRUE">254</attwidth><atprecis Sync="TRUE">0</atprecis><attscale Sync="TRUE">0</attscale></attr><attr><attrlabl Sync="TRUE">total_area</attrlabl><attalias Sync="TRUE">total_area</attalias><attrtype Sync="TRUE">String</attrtype><attwidth Sync="TRUE">254</attwidth><atprecis Sync="TRUE">0</atprecis><attscale Sync="TRUE">0</attscale></attr></detailed></eainfo><mdDateSt Sync="TRUE">20210823</mdDateSt></metadata>
