GEOID,MedIncome,MedIncome_moe,TotalPop,TotalPop_moe
240054001001,94167,20384,1461,294
240054001002,47361,8775,1274,223
240054001003,36708,6702,1827,656
240054002001,67986,18353,1354,244
240054002002,91029,10732,1088,169
240054004001,81136,76728,901,241
240054004002,115441,26983,1346,323
240054004003,121738,33907,1255,306
240054004004,141641,87465,571,224
240054004005,115083,22251,1611,288
240054005001,146364,14473,2686,124
240054006001,88583,20872,673,228
240054006002,74429,19790,1419,349
240054006003,128750,47485,957,264
240054007011,87083,21662,1367,232
240054007012,64167,17107,1542,221
240054007021,93750,17701,2002,241
240054008001,76806,34274,1857,300
240054008002,69167,27461,923,226
240054009001,72813,14478,1992,195
240054010001,63816,10427,1129,205
240054010002,148750,34053,1378,168
240054011011,68185,10281,1858,553
240054011012,66238,11103,1502,322
240054011013,63939,16572,1840,586
240054011014,60815,40960,477,242
240054011021,53454,9889,910,108
240054012001,62303,12489,1319,308
240054012002,85387,10806,1742,341
240054013011,52557,10257,1646,355
240054013012,70473,25002,927,273
240054013013,59904,19004,1340,311
240054013021,47724,5438,2121,268
240054013022,71765,12265,624,202
240054014001,123214,19773,1645,78
240054015031,124375,26394,1724,335
240054015032,101033,28520,1245,289
240054015033,105697,17857,1108,257
240054015034,84250,24954,803,187
240054015035,95065,21499,1460,293
240054015041,78684,16629,2049,479
240054015042,79189,16658,2572,510
240054015043,94188,28482,1759,498
240054015051,55192,44402,1073,291
240054015052,63859,10152,1813,281
240054015053,85500,26187,1442,475
240054015061,69102,32644,1266,413
240054015062,79415,14843,2382,401
240054015063,63450,18196,1455,324
240054015071,93077,43142,1264,528
240054015072,59473,18602,2694,652
240054015073,50100,13932,809,328
240054015074,56829,7318,1175,492
240054022011,92386,22518,1856,283
240054022012,100395,47638,1648,374
240054022021,128125,14242,1551,126
240054023021,86974,12300,2169,445
240054023022,74250,20385,3383,495
240054023031,62292,19549,1167,405
240054023032,90341,24501,1233,395
240054023033,83313,46518,1618,535
240054023034,56591,39941,1788,616
240054023035,82014,30323,1297,373
240054023041,51278,11128,1569,332
240054023042,88113,11634,932,308
240054023043,62125,30792,1066,286
240054023051,96250,24542,816,163
240054023052,46579,9029,1229,215
240054023061,49653,11538,2778,267
240054023062,49615,20331,1244,358
240054023071,55019,22855,1676,650
240054023072,69625,11931,2147,482
240054023073,68872,27778,2438,574
240054024031,55956,9388,864,199
240054024032,76016,17939,1170,175
240054024041,53715,16869,1694,382
240054024042,55046,8303,1914,543
240054024043,48232,14567,1760,666
240054024051,70313,26637,892,299
240054024052,52757,13211,2766,394
240054024061,61351,8078,909,363
240054024062,63917,7395,1800,443
240054024063,83020,15192,2989,623
240054024071,85694,20422,674,161
240054024072,30167,16164,664,130
240054025031,46981,10113,2456,471
240054025032,93287,16492,1177,209
240054025033,42522,21622,1512,353
240054025041,85709,22411,2346,494
240054025042,105962,48229,2250,534
240054025051,82462,30553,1144,409
240054025052,51385,13897,2542,424
240054025061,80943,6280,2105,411
240054025062,108358,8681,2408,455
240054025091,104396,15967,3447,604
240054025092,92500,15474,3704,630
240054025093,71194,10117,2968,584
240054026021,68050,22401,1111,224
240054026022,82708,20821,1136,195
240054026031,120990,25899,2316,722
240054026032,120735,52059,2053,429
240054026033,90172,23284,1935,728
240054026041,84474,21769,2087,422
240054026042,87099,13859,3262,647
240054026043,110446,32479,776,349
240054031001,70500,16223,1147,192
240054031002,77644,19528,1306,191
240054032011,81354,16991,2684,356
240054032012,68409,15321,733,222
240054032021,71488,9906,2103,185
240054033001,108466,9575,805,166
240054033002,74485,16630,1713,182
240054034011,60132,14703,2204,305
240054034012,79306,3510,1300,253
240054034021,41818,19102,1816,668
240054034022,68359,34417,1521,333
240054034023,NA,NA,651,444
240054034024,51808,16157,1634,552
240054035001,100208,24044,1558,201
240054035002,86494,18713,2367,240
240054035003,114470,10095,1077,302
240054036011,75083,16361,1079,213
240054036012,124722,32153,996,223
240054036013,71204,13567,2627,262
240054036021,79417,13202,2590,421
240054036022,119242,23932,3177,439
240054037011,68634,12023,2137,383
240054037012,156953,43171,737,164
240054037013,59464,20732,1055,312
240054037014,147619,70235,911,227
240054037015,81034,7492,2232,349
240054037021,93059,25473,2312,393
240054037022,66696,20774,2415,527
240054038011,192188,54906,1648,171
240054038021,188472,36898,1547,246
240054038022,156736,47198,1299,254
240054038031,82768,11561,2419,245
240054038032,125994,17812,1023,220
240054041011,127200,21963,1683,252
240054041012,90515,10086,4495,490
240054041021,81622,21450,3151,657
240054041022,53798,16527,2882,764
240054042011,56830,21677,3251,589
240054042012,86964,37378,1211,379
240054042013,118083,49612,1500,409
240054042021,67036,26138,2773,617
240054042022,67941,18048,1352,389
240054042023,49432,13452,3046,597
240054042024,41623,12589,1580,456
240054044021,117448,40155,1123,287
240054044022,72083,20433,2626,512
240054044023,138750,20796,2739,461
240054044031,73125,20451,1409,313
240054044032,48036,5758,3682,536
240054044041,63350,18143,2455,309
240054044042,99074,19452,2513,305
240054045011,77571,20766,1845,412
240054045012,59302,12432,973,324
240054045013,122574,50300,979,293
240054045014,70744,11189,3210,643
240054045021,57440,8997,1664,315
240054045022,88000,15554,698,155
240054045023,43462,17304,1543,458
240054046001,117042,9700,1888,230
240054046002,84698,57869,918,184
240054048001,133750,29077,1124,117
240054048002,133375,58310,830,108
240054049001,124226,27241,2237,233
240054049002,166908,18036,1185,178
240054049003,162813,31967,865,187
240054050001,112458,8693,2867,230
240054050002,106083,20075,1563,252
240054060001,97917,25802,1465,422
240054060002,94681,38590,1198,341
240054060003,131544,30393,1417,320
240054060004,115588,20774,1681,321
240054070011,89353,13517,1447,163
240054070012,97875,23491,1608,189
240054070021,119500,49656,2079,331
240054070022,99444,17564,2122,304
240054070023,122396,27657,1441,207
240054081001,173750,33743,1111,270
240054081002,158421,95372,753,274
240054081003,75231,22654,1911,372
240054081004,147667,59552,1894,356
240054082001,163750,35577,888,144
240054082002,132313,37799,975,177
240054083021,225156,169019,745,169
240054083022,115268,27496,2038,192
240054083031,184188,70734,1935,222
240054083032,169716,55944,1360,261
240054083041,76458,17381,3246,444
240054083042,91083,65203,1159,259
240054083043,106000,58939,821,212
240054084001,72000,15857,953,122
240054085021,80938,16283,2605,632
240054085022,102188,37687,1297,257
240054085023,124256,11624,1326,278
240054085031,72701,11021,1975,234
240054085032,72933,23367,1708,389
240054085051,116176,8645,2050,227
240054085052,82115,8729,1681,200
240054085061,35556,11293,2426,449
240054085062,48558,10098,2817,626
240054085071,68268,3343,2026,413
240054085072,44559,16570,2866,648
240054085073,73895,28733,2022,552
240054086011,123750,22146,1175,183
240054086012,109531,38516,777,179
240054086013,103098,18267,995,207
240054086014,93500,8024,1035,304
240054086021,106375,11283,1248,125
240054086022,113906,31516,853,108
240054087021,88875,25682,1715,211
240054087022,165511,46330,681,143
240054087031,161934,32576,1379,451
240054087032,96313,27115,2716,547
240054087033,120625,16813,897,261
240054087034,66799,14222,1589,337
240054087041,106000,34428,2215,377
240054087042,132596,65531,2183,413
240054087043,129219,97165,1314,345
240054088001,83777,11282,1168,231
240054088002,108542,31392,1327,285
240054089001,96420,25374,1358,207
240054089002,137857,19050,1297,209
240054101001,134556,19309,636,198
240054101002,133750,44755,808,218
240054101003,192764,55951,2239,516
240054101004,100139,55295,1909,314
240054102001,127969,33684,1697,241
240054102002,145625,33845,1797,272
240054102003,167813,27815,1404,187
240054111011,116528,14918,2178,100
240054111021,109688,32565,1030,241
240054111022,71750,32955,532,146
240054111023,124205,27034,1548,204
240054112011,142375,36338,961,144
240054112012,140781,64205,732,134
240054112013,121250,47392,672,137
240054112014,135250,26330,798,152
240054112021,158125,52261,1648,258
240054112022,90875,36955,1345,276
240054112023,110735,42933,958,205
240054113021,108542,23148,3804,305
240054113031,58324,20017,1987,541
240054113032,101447,29670,1271,311
240054113033,69931,18965,1928,425
240054113034,95581,23164,1108,260
240054113061,80025,20906,1233,318
240054113062,91786,29673,2517,408
240054113063,108309,36307,1467,427
240054113071,83427,6651,2003,320
240054113072,77500,19710,1770,303
240054113081,76887,18090,1130,251
240054113082,120677,51735,560,161
240054113083,89063,17493,1691,268
240054113091,98958,55995,2234,442
240054113092,93237,19400,3839,450
240054113093,149023,24142,2915,404
240054114041,108581,14102,2835,282
240054114042,67656,42874,761,210
240054114061,123125,22193,1542,250
240054114062,62101,6629,1362,201
240054114063,83269,20956,1215,184
240054114071,67426,40182,1288,556
240054114072,39904,10721,3558,628
240054114073,90909,40050,1589,644
240054114074,83495,22198,3384,1224
240054114075,51387,9199,913,513
240054114081,85284,29529,1126,232
240054114082,55756,10696,1875,278
240054114083,90909,23812,685,202
240054114091,112813,13852,1079,175
240054114092,104539,10067,2166,253
240054114093,103684,13643,1866,265
240054114101,124300,26264,1064,240
240054114102,87436,9412,1496,280
240054114103,85152,27291,2075,335
240054201001,61366,5925,1607,299
240054201002,59609,9688,1210,348
240054201003,54524,9206,839,252
240054202001,68292,11704,1472,287
240054202002,56563,28595,1257,298
240054203011,51875,7606,2459,256
240054203021,67946,21108,1016,260
240054203022,67727,7439,1499,290
240054203031,57188,20075,1268,130
240054204011,59926,19818,1375,666
240054204012,56884,9477,3578,874
240054204013,59963,13406,591,400
240054204014,52151,8350,1043,575
240054204021,59129,3490,944,176
240054204022,57500,23656,968,202
240054205001,54130,8712,1847,287
240054205002,53934,7822,1643,362
240054206001,53409,8942,2652,538
240054206002,74583,44173,767,268
240054206003,52917,12664,1000,313
240054207011,47300,9366,3200,397
240054207021,42422,8593,1975,218
240054208001,38864,12534,820,216
240054208002,62031,10818,1070,250
240054208003,51023,20328,1126,289
240054209001,75682,44414,1640,311
240054209002,39563,19037,885,213
240054209003,35409,5363,944,285
240054210001,25208,6719,1814,203
240054211011,46136,10710,1592,387
240054211012,49042,15851,1354,255
240054211021,70714,13271,1541,200
240054211022,53897,9611,1056,188
240054212001,51000,7718,893,178
240054212002,61905,25393,797,174
240054213001,50901,7564,938,370
240054213002,26827,6997,1032,266
240054213003,44518,14365,1211,363
240054301011,40888,5292,2893,516
240054301012,55170,10044,2091,415
240054301041,101333,16364,1314,287
240054301042,71447,9922,1661,288
240054302001,26897,8529,733,234
240054302002,66875,27508,1206,277
240054302003,NA,NA,714,246
240054303001,36250,15779,1515,398
240054303002,39917,28065,1643,463
240054303003,42803,13895,830,232
240054303004,26758,11827,1930,505
240054304001,84615,7440,1322,295
240054304002,73942,19814,1316,263
240054304003,89663,12021,1650,307
240054306001,104931,8539,1573,155
240054306002,105167,12412,771,167
240054307001,97941,26886,918,267
240054307002,93676,10756,2459,441
240054307003,95275,19167,1922,381
240054308001,59336,16778,1063,243
240054308002,54781,14396,835,212
240054308003,118523,47254,1578,314
240054309001,54944,14041,2429,612
240054309002,31625,6303,1225,567
240054309003,40179,22330,1198,354
240054401001,61833,18874,1367,266
240054401002,93611,19858,1360,348
240054401003,71125,21133,780,178
240054401004,73913,13253,1044,297
240054402001,66146,12957,941,229
240054402002,59525,6992,1473,167
240054403001,55192,12531,1976,179
240054404001,73397,21123,1880,739
240054404002,76786,17604,622,250
240054404003,89104,11350,1540,486
240054404004,60075,19712,1320,445
240054405001,77450,11940,2595,305
240054405002,62500,18382,749,247
240054406001,109375,11810,2259,112
240054407011,58548,7607,2224,863
240054407012,70712,9269,3737,979
240054407013,52122,30953,1470,367
240054407021,68411,26006,2524,472
240054407022,62031,19317,1859,385
240054408001,58866,16477,3320,272
240054409001,74722,11895,1803,333
240054409002,75246,13502,2101,286
240054410001,76298,19595,1815,405
240054410002,54268,13372,1990,466
240054411011,69091,35247,1302,231
240054411012,59375,11270,793,142
240054411021,77016,17363,1077,291
240054411022,53160,15701,1060,283
240054411023,85938,18244,772,199
240054411024,58036,10979,1974,420
240054501001,107708,15435,1867,391
240054501002,75357,38197,1057,256
240054501003,26595,13227,922,227
240054502001,79722,17342,1490,236
240054502002,51250,16572,772,208
240054502003,55917,23856,948,252
240054503001,49455,10969,2028,308
240054503002,54306,17916,1134,237
240054504001,87292,15551,668,171
240054504002,68333,17660,1644,182
240054505011,48889,16911,1442,354
240054505012,58750,14799,1650,341
240054505013,44228,7893,1190,263
240054505031,33693,20689,823,288
240054505032,58807,3713,3103,661
240054505033,48750,19795,2456,600
240054505041,41786,14634,529,323
240054505042,39856,15321,2813,742
240054505043,33668,10982,2476,697
240054508001,28553,12692,732,135
240054508002,53148,8834,2861,381
240054508003,38750,6352,510,217
240054509001,78681,24067,1315,215
240054509002,83160,11048,2851,288
240054510001,90000,23183,948,116
240054510002,90536,28381,688,111
240054511001,78750,39590,2285,221
240054512001,105149,16960,1753,237
240054512002,51354,17225,2060,264
240054513001,55658,18873,2897,509
240054513002,45194,9045,1092,260
240054514011,55682,31832,2081,471
240054514012,103106,23346,1798,588
240054514021,51422,19482,1249,351
240054514022,58229,27876,1076,446
240054514023,48750,14121,2800,563
240054515001,54957,11480,1482,319
240054515002,54356,34269,1186,436
240054515003,77344,38129,1260,518
240054516001,58636,17553,674,108
240054516002,60000,6172,1311,202
240054517011,101538,12937,2496,339
240054517012,64531,32022,1326,282
240054517021,73030,7820,823,148
240054517022,85750,15744,1095,182
240054518011,73393,35536,589,215
240054518012,79808,33885,1688,423
240054518013,88375,23649,1333,376
240054518014,29270,23317,1979,634
240054518021,98000,8320,1261,213
240054518022,100875,21594,1048,186
240054518023,42188,10978,1603,339
240054518031,81163,6685,2183,326
240054518032,61277,10296,2272,284
240054519001,78036,16127,592,214
240054519002,99688,18961,847,203
240054519003,69286,14309,1081,203
240054520001,108646,39475,1077,222
240054520002,60214,12981,1584,270
240054521001,77000,44855,1712,286
240054521002,75744,33800,1052,274
240054521003,71719,35066,563,208
240054523001,42303,19036,1612,509
240054523002,50885,18816,1442,375
240054524001,54375,31118,992,270
240054524002,71944,11032,2218,311
240054525001,53681,10327,735,156
240054525002,52601,6524,2260,308
240054525003,61250,18913,711,197
240054901001,146250,17673,1659,179
240054901002,146389,37732,776,123
240054901003,146176,25697,1428,199
240054902001,119659,26667,888,225
240054902002,123750,19214,1030,214
240054902003,118750,16105,943,211
240054903011,63438,12287,2259,465
240054903012,32438,8825,2840,450
240054903013,55707,10575,2315,362
240054903021,71917,13520,1185,195
240054903022,78438,22627,3597,434
240054904001,139500,66349,1130,168
240054904002,206932,34691,713,115
240054905001,161042,34978,915,220
240054905002,192778,47883,1534,244
240054905003,113281,18885,1212,162
240054906011,126563,25981,1058,131
240054906012,104432,12693,1108,128
240054906021,113889,21927,1218,196
240054906022,73438,16106,1731,211
240054906031,93684,16247,1496,147
240054906032,137500,26817,776,143
240054906051,11190,3375,2831,375
240054906052,NA,NA,2271,283
240054907011,104583,25035,1665,139
240054907031,86364,16054,1805,341
240054907032,92083,29605,1410,264
240054908001,103500,50405,1201,203
240054908002,92188,25144,2081,238
240054909001,69722,41728,1692,328
240054909002,57014,26352,2191,423
240054909003,46359,39833,452,169
240054910001,122292,62528,1075,150
240054910002,170313,36586,1196,127
240054911001,120982,36543,1294,262
240054911002,55114,21666,1559,258
240054911003,131346,46207,1006,177
240054912011,83036,24883,1013,175
240054912012,93333,16043,584,96
240054912021,74444,17784,1242,129
240054912022,86500,10942,655,107
240054913001,115987,22171,1596,314
240054913002,41581,17642,2008,362
240054914011,48224,18474,949,345
240054914012,NA,NA,1895,528
240054914013,38229,7820,2633,540
240054914021,54219,18655,1440,272
240054914022,55556,31827,1482,280
240054915001,83142,14315,1241,294
240054915002,79231,16820,1233,294
240054915003,63083,23312,1896,377
240054916001,49850,14252,819,337
240054916002,46818,23022,1214,317
240054916003,74353,1776,1278,476
240054917011,67344,15811,1227,207
240054917012,65260,3466,1650,279
240054917013,96786,25807,1151,230
240054919001,67813,9055,1010,164
240054919002,63036,13315,822,138
240054920011,58542,5751,861,166
240054920012,52500,9684,478,96
240054920021,81484,16922,780,214
240054920022,96615,8965,972,218
240054920023,67708,18456,921,228
240054920024,82500,32079,1138,193
240054921011,54138,8106,577,150
240054921012,57449,7741,1059,202
240054921013,67500,37634,932,281
240054921014,72173,9880,1145,333
240054921021,88508,13042,1059,289
240054921022,72431,14604,1080,194
240054922001,97974,24829,1285,374
240054922002,63371,7060,2482,318
240054922003,50625,8530,1087,322
240054923001,53333,9335,1538,500
240054923002,72102,27240,2692,352
240054924011,83947,14257,1559,317
240054924012,96818,26516,2058,260
240054924021,73906,18163,3229,615
240054924022,81424,14540,2924,655
240054925001,NA,NA,2561,467
240054925002,NA,NA,356,203
240054926001,NA,NA,103,41
240054926002,70469,39194,1366,306
240054926003,65558,4053,2299,293
240059800001,NA,NA,0,12
240059801001,NA,NA,0,12
240059802001,NA,NA,0,12
245100101001,135000,17444,1133,174
245100101002,97763,15344,814,147
245100101003,96218,25833,1075,263
245100102001,96542,14442,810,203
245100102002,92981,15978,525,141
245100102003,133816,25011,1128,215
245100102004,113875,21581,406,112
245100103001,140156,18090,929,171
245100103002,138250,28974,1642,206
245100104001,89688,31647,814,180
245100104002,124229,31639,1664,299
245100105001,147857,37075,958,205
245100105002,81774,13022,1018,268
245100201001,72917,22800,687,142
245100201002,97222,18602,1026,157
245100202001,73938,7334,677,108
245100202002,125833,6567,1158,228
245100203001,73986,25620,1539,421
245100203002,110114,73944,1074,272
245100203003,134800,37270,1264,274
245100301001,18855,6030,1406,402
245100301002,30375,28319,1290,384
245100302001,37393,14173,1237,245
245100302002,114563,35466,1090,197
245100401001,71800,11417,2146,358
245100401002,59669,4071,2258,465
245100402001,34375,12739,901,237
245100601001,20577,8653,606,327
245100601002,41047,14880,1072,388
245100601003,112969,70353,680,247
245100601004,49931,48005,616,290
245100602001,55689,21266,441,343
245100602002,107344,10247,608,186
245100602003,66167,14386,922,396
245100602004,92813,37412,848,345
245100602005,NA,NA,422,238
245100603001,42417,20510,847,214
245100603002,85781,23952,1018,141
245100604001,56042,16833,526,166
245100604002,54219,13421,850,131
245100701001,43125,12630,1240,347
245100701002,31384,16205,1325,297
245100702001,NA,NA,620,392
245100702002,21964,19879,547,251
245100702003,24432,9362,893,377
245100702004,38667,38075,571,259
245100702005,42201,20973,397,154
245100703001,30972,10642,533,209
245100703002,NA,NA,323,165
245100704001,36250,21811,330,104
245100704002,14856,12360,384,138
245100704003,16862,3476,832,253
245100801011,142344,51656,830,141
245100801012,84500,50807,979,318
245100801013,45625,11623,1550,378
245100801014,63393,13397,617,232
245100801021,28864,17711,764,219
245100801022,34559,15774,1341,290
245100802001,65250,45612,274,204
245100802002,15577,15135,406,177
245100802003,36000,14030,594,197
245100803011,41875,18427,276,114
245100803012,22500,21293,741,190
245100803013,48571,15396,679,177
245100803021,29932,10908,541,292
245100803022,25815,12856,507,207
245100803023,41923,27496,633,264
245100803024,33068,17794,1034,308
245100804001,41813,15553,717,317
245100804002,15833,4122,563,206
245100805001,19750,18191,564,241
245100805002,37955,15731,289,97
245100805003,25917,11932,626,210
245100806001,NA,NA,725,266
245100806002,46012,13586,677,240
245100806003,34375,23957,277,119
245100806004,32938,22088,440,175
245100807001,37768,4035,410,127
245100807002,28295,7259,336,176
245100808001,28750,11109,233,159
245100808002,46648,18267,1313,294
245100901001,41114,4743,1329,406
245100901002,63819,31892,748,249
245100901003,73345,6931,657,207
245100901004,37586,8477,572,224
245100901005,NA,NA,830,400
245100902001,68173,20160,1411,315
245100902002,71857,13376,1492,286
245100903001,73750,18360,429,190
245100903002,21196,9671,1096,316
245100903003,88670,13043,636,165
245100903004,41591,18155,2281,515
245100904001,35592,6492,1057,288
245100904002,18775,7860,727,202
245100905001,41696,9586,530,167
245100905002,42656,14502,1335,257
245100906001,52026,36473,1462,696
245100906002,36397,12158,354,214
245100906003,40385,27275,347,203
245100906004,45769,29772,954,401
245100907001,NA,NA,1558,650
245100907002,NA,NA,440,311
245100907003,27500,21962,757,340
245100907004,NA,NA,277,152
245100908001,NA,NA,491,281
245100908002,34107,30714,601,244
245100908003,41184,21440,439,229
245100908004,36281,4734,1168,402
245100908005,NA,NA,203,161
245100909001,37372,11759,562,264
245100909002,21779,7456,346,152
245100909003,25000,16547,325,190
245100909004,20756,3372,1233,391
245101001001,30227,18292,1267,426
245101001002,9521,868,403,125
245101001003,42396,18535,196,109
245101001004,26581,9000,367,153
245101002001,12759,6083,663,269
245101002002,25042,7192,1239,266
245101002003,8319,1391,820,266
245101003001,NA,NA,3676,443
245101101001,62500,17630,1798,242
245101101002,52279,8744,1343,310
245101102001,60096,7055,2287,382
245101102002,35613,7621,1558,232
245101102003,39745,9523,1861,335
245101201001,133036,56015,1485,417
245101201002,64773,24183,833,205
245101201003,78485,24310,849,148
245101201004,47697,29630,1476,279
245101202011,82353,23368,1289,237
245101202012,84063,23118,928,171
245101202021,NA,NA,989,262
245101202022,32841,32065,563,167
245101202023,NA,NA,1922,271
245101202024,36500,10722,1829,490
245101202025,36167,15040,672,208
245101203001,63717,14201,1197,310
245101203002,64286,23002,837,294
245101203003,53036,40687,836,263
245101203004,23438,15415,1350,338
245101204001,39167,10435,839,191
245101204002,29766,27603,904,213
245101205001,56920,22497,974,216
245101205002,61736,12678,1301,250
245101206001,31380,7794,756,129
245101206002,47639,18066,1285,320
245101206003,16000,3003,650,155
245101207001,77566,25133,626,173
245101207002,44000,19039,747,205
245101207003,84316,36771,886,235
245101301001,58889,16349,413,167
245101301002,12214,4773,860,273
245101301003,37431,19567,882,262
245101301004,36625,13769,573,167
245101302001,82434,38756,876,256
245101302002,NA,NA,539,209
245101302003,45234,27423,487,203
245101302004,45450,19790,821,374
245101303001,68000,35303,797,329
245101303002,47083,14267,652,254
245101303003,20000,5644,998,232
245101304001,35000,21885,691,229
245101304002,33750,9107,761,217
245101304003,23125,8532,604,263
245101306001,102768,24011,1082,195
245101306002,85000,35642,719,173
245101306003,98281,30358,737,277
245101306004,88295,27117,1040,198
245101307001,36477,27503,724,208
245101307002,74861,38377,780,193
245101307003,97917,40163,377,140
245101307004,43214,18199,513,169
245101307005,72212,47816,1230,331
245101307006,68333,29043,1133,220
245101308031,47297,13508,522,177
245101308032,46827,18716,1044,251
245101308033,68125,22574,891,269
245101308041,59609,19034,1034,168
245101308042,68500,15171,948,134
245101308051,39750,17265,943,91
245101308061,87188,17198,1437,161
245101401001,52266,15762,1053,232
245101401002,40329,31396,971,230
245101401003,22785,19394,984,306
245101401004,83365,9196,1447,382
245101402001,NA,NA,1079,347
245101402002,33977,24225,779,393
245101402003,NA,NA,327,245
245101402004,NA,NA,282,205
245101403001,NA,NA,665,223
245101403002,42639,34730,491,234
245101403003,44643,12411,589,190
245101403004,45257,9968,608,195
245101501001,21714,5895,414,200
245101501002,NA,NA,944,321
245101501003,15565,10201,834,337
245101502001,69219,19992,979,287
245101502002,35438,12398,699,230
245101502003,26620,11576,1074,496
245101503001,30208,11737,630,217
245101503002,45125,16556,1019,309
245101503003,38884,25163,652,241
245101504001,22829,17831,727,359
245101504002,34615,18704,980,401
245101504003,42585,8610,2276,459
245101505001,32604,9811,719,251
245101505002,34036,11331,717,177
245101506001,50875,16138,897,362
245101506002,NA,NA,446,232
245101506003,NA,NA,297,192
245101506004,NA,NA,479,303
245101506005,36116,14807,1010,502
245101507011,26576,17653,343,117
245101507012,60721,16006,452,254
245101507013,48681,22083,778,295
245101507021,49861,22947,833,182
245101507022,61583,21613,962,295
245101507023,NA,NA,369,227
245101508001,35737,15814,766,269
245101508002,22529,14394,786,274
245101508003,58068,37065,1897,724
245101508004,56131,53763,659,237
245101508005,53636,32116,787,296
245101508006,NA,NA,307,225
245101509001,41727,20565,1452,495
245101509002,75125,29841,859,308
245101509003,82821,28549,615,250
245101509004,30625,9600,433,158
245101510001,26179,10587,508,201
245101510002,34283,5588,847,322
245101510003,NA,NA,512,255
245101510004,41842,18118,468,226
245101510005,55517,19779,1291,501
245101510006,28203,15072,541,271
245101510007,43333,31283,792,304
245101511001,46477,26233,1040,431
245101511002,35679,28096,1766,547
245101511003,55151,13666,898,426
245101511004,60156,42328,671,417
245101511005,57546,50638,668,471
245101511006,58182,16922,1439,781
245101512001,17887,3632,1669,341
245101512002,36157,7873,580,501
245101512003,27011,11129,958,510
245101512004,18333,13442,420,139
245101512005,21264,1208,752,408
245101513001,28594,23816,1466,399
245101513002,NA,NA,571,301
245101513003,31053,11217,369,285
245101513004,30278,25298,564,197
245101513005,34773,13527,1157,410
245101601001,NA,NA,169,148
245101601002,30813,5896,335,189
245101601003,19231,14624,998,478
245101601004,31105,11129,566,215
245101602001,43289,14814,1024,271
245101602002,13571,2202,598,239
245101602003,NA,NA,567,233
245101603001,NA,NA,562,222
245101603002,14321,5514,528,241
245101604001,16375,1761,263,197
245101604002,NA,NA,677,224
245101604003,44338,20837,565,321
245101604004,26034,7606,826,387
245101605001,41633,9388,1379,400
245101605002,26731,8893,903,392
245101605003,18333,13914,560,205
245101605004,40909,20170,867,333
245101605005,40088,3960,630,211
245101606001,NA,NA,718,382
245101606002,44063,35623,876,387
245101606003,36179,19080,611,289
245101606004,17026,8725,542,214
245101606005,65243,20686,656,326
245101607001,38984,18194,305,139
245101607002,37240,11974,942,341
245101607003,18856,1010,468,272
245101607004,28068,10052,832,306
245101607005,40893,23614,584,268
245101607006,75272,60382,419,234
245101607007,41029,13141,774,400
245101608011,33136,9337,1187,328
245101608012,31250,30330,543,204
245101608013,67917,12317,444,235
245101608014,78750,51451,766,401
245101608021,34891,5835,880,271
245101608022,53846,23842,1269,446
245101608023,47985,9945,1265,303
245101701001,31836,10832,1015,142
245101701002,27390,6387,619,158
245101702001,12500,4859,1804,385
245101702002,20000,11615,685,410
245101702003,13125,4970,482,171
245101703001,16313,2742,876,250
245101703002,39375,27196,823,200
245101801001,16556,5513,1069,251
245101801002,11165,3739,956,224
245101802001,19583,15757,398,186
245101802002,NA,NA,550,136
245101803001,33958,25659,553,146
245101803002,55652,31949,972,217
245101901001,31458,15905,369,219
245101901002,25563,11236,786,229
245101901003,17308,4496,976,335
245101902001,41250,38937,809,195
245101902002,32500,16896,1077,254
245101903001,25625,12798,431,150
245101903002,17212,13526,637,255
245101903003,59688,25126,539,315
245101903004,19659,12076,895,341
245102001001,28173,15204,710,225
245102001002,32063,9755,1123,277
245102002001,32872,14777,425,164
245102002002,26154,8583,386,179
245102002003,NA,NA,432,227
245102002004,24118,22537,620,581
245102002005,38291,26928,482,285
245102003001,31042,9851,333,139
245102003002,21810,6829,1184,296
245102004001,33558,12853,749,222
245102004002,29464,7213,875,234
245102005001,NA,NA,190,220
245102005002,88776,38772,895,547
245102005003,33713,8578,325,172
245102005004,21250,14395,501,268
245102005005,31078,8564,955,324
245102006001,31310,12631,640,237
245102006002,31827,19844,650,238
245102006003,37692,21295,1002,393
245102007011,34972,23585,1112,519
245102007012,31510,15703,1080,365
245102007013,38125,7234,854,316
245102007014,64625,31468,1201,424
245102007015,23917,11760,658,249
245102007021,NA,NA,282,99
245102007022,43478,4313,807,133
245102008001,28333,8073,750,217
245102008002,44844,11031,856,223
245102008003,48333,38395,522,191
245102101001,54148,29363,817,221
245102101002,65000,27700,1715,360
245102102001,54194,11198,1671,349
245102102002,29514,11100,1822,370
245102201001,68984,42426,1128,299
245102201002,51402,14148,2005,405
245102201003,177885,85499,200,105
245102201004,128250,31527,1002,192
245102301001,92438,20825,1022,169
245102301002,45625,16130,806,196
245102302001,99632,4317,820,171
245102302002,118750,15742,1224,242
245102303001,105000,10952,290,69
245102303002,108333,16683,1141,109
245102401001,139398,19152,2512,226
245102401002,111321,39622,777,154
245102402001,144181,18815,2130,211
245102402002,125000,16461,814,196
245102403001,118304,47832,883,229
245102403002,97583,35313,605,180
245102403003,127440,21583,597,147
245102404001,95347,21340,1119,258
245102404002,94773,42726,479,168
245102404003,117143,25000,1071,197
245102501011,36394,11663,1491,355
245102501012,63273,9900,2849,525
245102501021,47500,19454,1077,399
245102501022,38458,8336,2159,487
245102501031,18342,4967,1418,288
245102501032,53500,13966,610,195
245102501033,51250,16793,778,189
245102501034,39808,35524,605,194
245102502031,40350,12173,1146,225
245102502032,36250,10511,832,172
245102502041,17794,8637,1629,387
245102502042,14896,2797,2612,468
245102502051,NA,NA,31,50
245102502052,37063,14090,1443,504
245102502053,44250,39028,884,471
245102502054,41513,19163,903,342
245102502055,41563,32091,745,232
245102502061,43750,23576,610,298
245102502062,76458,37843,939,363
245102502063,56042,16389,667,244
245102502071,33884,5224,1050,233
245102502072,35000,20576,1258,316
245102503011,73828,23153,897,314
245102503012,18125,5681,1458,306
245102503031,39777,20004,667,195
245102503032,34342,12460,1195,302
245102503033,40375,32594,508,142
245102504011,26389,15352,1629,414
245102504012,50875,33419,725,335
245102504013,52177,41370,1251,506
245102504021,66759,32705,902,361
245102504022,2499,NA,605,309
245102504023,51932,15182,997,393
245102504024,56991,17383,1947,685
245102505001,NA,NA,0,12
245102505002,NA,NA,35,52
245102505003,48818,17101,1408,506
245102505004,34475,9468,969,492
245102505005,35840,2828,2005,633
245102506001,NA,NA,0,12
245102601011,49028,38588,951,325
245102601012,90000,36319,818,415
245102601013,42208,13914,1235,342
245102601014,61546,10055,860,393
245102601015,78750,31158,1133,367
245102601021,49688,19998,1062,349
245102601022,NA,NA,557,281
245102601023,55273,15993,766,330
245102601024,55586,21524,559,196
245102601025,67222,18521,1681,523
245102602011,40036,32134,1061,466
245102602012,85573,45446,1934,796
245102602013,25391,11789,599,282
245102602014,25694,18522,2105,498
245102602021,NA,NA,76,72
245102602022,36695,5812,2189,565
245102602023,50526,12114,1742,480
245102602024,32419,15212,1522,491
245102602031,33036,5217,2143,416
245102602032,62734,24890,984,232
245102603011,37311,19605,919,448
245102603012,46042,15217,972,302
245102603013,48140,14081,859,353
245102603014,35114,28256,990,385
245102603015,45500,36038,1140,580
245102603021,55130,51320,1138,533
245102603022,41979,17469,958,429
245102603023,NA,NA,958,454
245102603024,38112,18458,1734,472
245102603025,62169,11603,535,322
245102603026,19961,6155,1663,680
245102603031,17125,4671,912,135
245102604011,34300,15698,663,370
245102604012,39188,12788,2592,736
245102604013,30192,11332,455,285
245102604021,46602,7152,1552,338
245102604022,34423,13938,1686,496
245102604031,31571,4171,1553,304
245102604032,NA,NA,128,164
245102604041,NA,NA,0,12
245102604042,56413,10229,667,291
245102604043,36600,10615,1585,438
245102605011,56738,13874,2826,756
245102605012,55868,17072,1460,478
245102605013,53565,29305,1223,453
245102606041,15114,8520,603,249
245102606042,NA,NA,249,102
245102606043,21058,9920,638,199
245102606051,42151,17293,1218,453
245102606052,34079,12362,1613,639
245102606053,48409,13351,1092,442
245102606054,NA,NA,557,279
245102606055,NA,NA,141,73
245102606056,103417,16694,64,50
245102607001,60250,33094,1626,464
245102607002,59375,17917,1258,502
245102608001,29669,14967,1165,338
245102608002,60598,15376,1362,488
245102609001,102813,55329,700,149
245102609002,100990,12916,923,199
245102609003,115245,27191,1516,225
245102610001,31016,3487,201,106
245102610002,40726,22034,918,533
245102610003,30757,19154,797,333
245102610004,61563,15243,887,297
245102611001,109583,41187,750,137
245102611002,126389,16131,1042,120
245102701011,82050,28613,873,206
245102701012,59565,13527,638,177
245102701021,70682,34145,729,238
245102701022,61429,22461,1344,592
245102701023,72639,22012,646,229
245102701024,52331,19883,986,265
245102702001,71875,7960,625,148
245102702002,69688,11862,791,155
245102702003,83636,17476,466,165
245102703011,63750,32185,476,155
245102703012,77763,28138,951,295
245102703013,65417,27011,771,310
245102703014,60485,21796,975,237
245102703021,79615,26284,976,200
245102703022,68894,9836,940,270
245102704011,61918,15294,2162,522
245102704012,83432,34188,1376,679
245102704013,40993,37766,1246,482
245102704014,77986,37689,841,339
245102704021,76125,21757,716,225
245102704022,63095,10474,557,244
245102704023,75536,50328,629,407
245102704024,85676,17136,1709,462
245102705011,73194,30788,598,289
245102705012,58854,38484,786,211
245102705013,54913,11609,1022,310
245102705014,77159,39636,1724,421
245102705021,50536,18650,734,245
245102705022,68846,23466,1330,328
245102705023,91750,18130,889,181
245102705024,68750,23758,1308,251
245102706001,63125,26019,648,233
245102706002,NA,NA,1112,546
245102706003,37174,21469,714,207
245102706004,81935,7704,1194,360
245102706005,50688,9332,901,459
245102706006,54519,26271,411,220
245102707011,36994,13116,2468,381
245102707021,47250,10813,741,210
245102707022,58571,23031,624,172
245102707023,56250,10203,590,131
245102707031,55391,17025,1057,380
245102707032,86484,35721,900,276
245102707033,43750,18087,672,189
245102708011,44063,10953,715,291
245102708012,53286,7176,976,305
245102708013,54675,19384,1296,518
245102708014,66957,23531,1196,358
245102708021,62719,19111,1141,514
245102708022,42500,19260,1227,515
245102708023,50231,21622,1023,415
245102708024,NA,NA,1333,606
245102708025,56771,52303,481,317
245102708031,56593,15326,2784,681
245102708032,47781,8339,1841,497
245102708033,46058,15152,2221,544
245102708041,56101,8192,1176,340
245102708042,36036,24946,654,209
245102708043,87031,34940,454,166
245102708044,79779,34206,825,271
245102708051,54797,9277,1138,281
245102708052,47500,26288,1157,407
245102708053,29306,14174,778,299
245102708054,40799,13575,838,200
245102708055,84417,25547,1401,403
245102709011,39337,29207,1353,461
245102709012,67875,20178,1329,487
245102709013,50691,13342,1666,345
245102709021,46051,11677,2060,405
245102709022,64545,22356,2133,516
245102709023,64909,14465,1170,345
245102709031,48444,8988,2033,333
245102709032,104069,17999,2083,638
245102709033,28636,18034,694,311
245102710011,54792,40644,821,297
245102710012,53043,25626,777,255
245102710013,33500,7735,881,228
245102710021,55729,30701,1617,500
245102710022,39875,31628,662,316
245102710023,37586,8303,370,164
245102710024,21250,20171,683,283
245102710025,29271,6864,871,314
245102711011,37273,16567,1060,155
245102711012,NA,NA,51,49
245102711013,77917,29237,890,163
245102711021,250001,NA,3805,438
245102711022,179500,44362,700,102
245102712001,120179,79997,818,340
245102712002,77879,18621,1262,333
245102712003,147880,53579,683,225
245102712004,250001,NA,1475,390
245102712005,250001,NA,1013,225
245102712006,144722,58404,1183,322
245102713001,150139,37500,1178,198
245102713002,86250,55093,536,172
245102713003,208864,47939,861,157
245102714001,110909,72401,887,215
245102714002,139444,47057,1376,217
245102714003,109375,30020,1777,336
245102715011,115781,42656,576,145
245102715012,100714,61563,397,133
245102715013,142875,61641,851,174
245102715014,141250,35068,957,167
245102715015,80431,16797,1381,246
245102715031,71875,19160,850,81
245102716001,20357,12076,730,310
245102716002,26923,4190,518,241
245102716003,NA,NA,951,475
245102716004,62955,37813,1023,326
245102716005,NA,NA,461,172
245102716006,36471,29211,627,411
245102717001,11532,3527,520,166
245102717002,29028,25669,601,204
245102717003,62917,14789,1024,380
245102717004,43542,26950,1305,369
245102717005,53028,9668,768,284
245102717006,NA,NA,595,330
245102718011,30484,7592,452,149
245102718012,22878,7250,813,242
245102718013,54199,16323,1637,440
245102718021,NA,NA,521,294
245102718022,32150,2558,410,174
245102718023,33092,18656,466,138
245102718024,28245,6312,1170,269
245102719001,129500,14173,913,253
245102719002,NA,NA,593,254
245102719003,34342,24296,669,227
245102719004,NA,NA,640,312
245102719005,42892,12458,1000,326
245102720031,145441,110592,763,280
245102720032,NA,NA,1154,573
245102720033,54858,20067,1230,436
245102720034,57478,18852,1863,465
245102720035,107418,66562,1112,616
245102720041,57063,12637,1562,334
245102720042,34826,7693,2336,335
245102720051,50921,19774,1708,431
245102720052,85938,40763,557,251
245102720053,63333,19100,1130,229
245102720061,31250,9076,2615,403
245102720062,38869,17234,919,203
245102720071,40455,21053,2439,691
245102720072,21480,6060,826,292
245102720073,42054,12205,1370,342
245102801011,65577,16698,1458,453
245102801012,47917,8346,1487,388
245102801013,41667,33697,924,313
245102801021,30602,12843,431,199
245102801022,56711,18421,1287,977
245102801023,35824,34314,228,241
245102801024,59336,25065,1916,631
245102801025,59504,18694,1841,919
245102801026,39167,30069,474,228
245102802001,85313,17713,1137,279
245102802002,NA,NA,806,440
245102802003,41250,33376,372,137
245102802004,68011,62410,701,336
245102802005,77857,34238,823,356
245102802006,41914,13847,1121,440
245102803011,70404,30244,1033,302
245102803012,51989,28269,862,310
245102803013,26862,6032,1954,294
245102803021,40732,8342,1288,304
245102803022,48257,8041,1176,315
245102804011,51250,42851,685,251
245102804012,105417,55325,606,172
245102804013,NA,NA,700,290
245102804014,42188,17424,979,308
245102804015,46806,29397,509,232
245102804021,51125,9669,476,196
245102804022,43977,11291,1158,237
245102804031,41908,27608,704,328
245102804032,78665,31087,981,466
245102804033,62676,9103,2637,874
245102804034,63472,35460,449,211
245102804035,146064,61592,493,335
245102804041,30000,10393,2549,306
245102804042,61410,2118,263,149
245102805001,9836,8342,849,247
245102805002,16063,2771,534,242
245102805003,12121,2889,417,104
245102805004,15688,4170,438,216
