<metadata xml:lang="en"><Esri><CreaDate>20200505</CreaDate><CreaTime>21485100</CreaTime><ArcGISFormat>1.0</ArcGISFormat><SyncOnce>FALSE</SyncOnce><DataProperties><itemProps><itemName Sync="TRUE">Stream_network_data</itemName><imsContentType Sync="TRUE">002</imsContentType><itemSize Sync="TRUE">0.000</itemSize><itemLocation><linkage Sync="TRUE">file://\\DESKTOP-R19ITKA\D$\Baltimore\Github_Data\Stream_network_data.shp</linkage><protocol Sync="TRUE">Local Area Network</protocol></itemLocation></itemProps><coordRef><type Sync="TRUE">Projected</type><geogcsn Sync="TRUE">GCS_North_American_1983</geogcsn><csUnits Sync="TRUE">Linear Unit: Meter (1.000000)</csUnits><projcsn Sync="TRUE">NAD_1983_UTM_Zone_18N</projcsn><peXml Sync="TRUE">&lt;ProjectedCoordinateSystem xsi:type='typens:ProjectedCoordinateSystem' xmlns:xsi='http://www.w3.org/2001/XMLSchema-instance' xmlns:xs='http://www.w3.org/2001/XMLSchema' xmlns:typens='http://www.esri.com/schemas/ArcGIS/2.8.0'&gt;&lt;WKT&gt;PROJCS[&amp;quot;NAD_1983_UTM_Zone_18N&amp;quot;,GEOGCS[&amp;quot;GCS_North_American_1983&amp;quot;,DATUM[&amp;quot;D_North_American_1983&amp;quot;,SPHEROID[&amp;quot;GRS_1980&amp;quot;,6378137.0,298.257222101]],PRIMEM[&amp;quot;Greenwich&amp;quot;,0.0],UNIT[&amp;quot;Degree&amp;quot;,0.0174532925199433]],PROJECTION[&amp;quot;Transverse_Mercator&amp;quot;],PARAMETER[&amp;quot;False_Easting&amp;quot;,500000.0],PARAMETER[&amp;quot;False_Northing&amp;quot;,0.0],PARAMETER[&amp;quot;Central_Meridian&amp;quot;,-75.0],PARAMETER[&amp;quot;Scale_Factor&amp;quot;,0.9996],PARAMETER[&amp;quot;Latitude_Of_Origin&amp;quot;,0.0],UNIT[&amp;quot;Meter&amp;quot;,1.0],AUTHORITY[&amp;quot;EPSG&amp;quot;,26918]]&lt;/WKT&gt;&lt;XOrigin&gt;-5120900&lt;/XOrigin&gt;&lt;YOrigin&gt;-9998100&lt;/YOrigin&gt;&lt;XYScale&gt;450445547.3910538&lt;/XYScale&gt;&lt;ZOrigin&gt;-100000&lt;/ZOrigin&gt;&lt;ZScale&gt;10000&lt;/ZScale&gt;&lt;MOrigin&gt;-100000&lt;/MOrigin&gt;&lt;MScale&gt;10000&lt;/MScale&gt;&lt;XYTolerance&gt;0.001&lt;/XYTolerance&gt;&lt;ZTolerance&gt;0.001&lt;/ZTolerance&gt;&lt;MTolerance&gt;0.001&lt;/MTolerance&gt;&lt;HighPrecision&gt;true&lt;/HighPrecision&gt;&lt;WKID&gt;26918&lt;/WKID&gt;&lt;LatestWKID&gt;26918&lt;/LatestWKID&gt;&lt;/ProjectedCoordinateSystem&gt;</peXml></coordRef><lineage><Process Name="Split Line at Point" ToolSource="c:\program files (x86)\arcgis\desktop10.5\ArcToolbox\Toolboxes\Data Management Tools.tbx\SplitLineAtPoint" Date="20190313" Time="142422">SplitLineAtPoint in_memory\Flowline_Dissolve2 C:\Users\ruoyu\Documents\ArcGIS\Default.gdb\Flowline_Dissolve2_CreatePoi C:\Users\ruoyu\Desktop\GEOFLOOD\Inputs\GIS\backriver\DEMnet2000_SPLIT.shp "0.5 Meters"</Process><Process Name="Add Field (2)" ToolSource="c:\program files (x86)\arcgis\desktop10.5\ArcToolbox\Toolboxes\Data Management Tools.tbx\AddField" Date="20190313" Time="142422">AddField C:\Users\ruoyu\Desktop\GEOFLOOD\Inputs\GIS\backriver\DEMnet2000_SPLIT.shp HYDROID FLOAT # # # # NON_NULLABLE NON_REQUIRED #</Process><Process Name="Calculate Field (2)" ToolSource="c:\program files (x86)\arcgis\desktop10.5\ArcToolbox\Toolboxes\Data Management Tools.tbx\CalculateField" Date="20190313" Time="142422">CalculateField C:\Users\ruoyu\Desktop\GEOFLOOD\Inputs\GIS\backriver\DEMnet2000_SPLIT.shp HYDROID !FID!+1 PYTHON_9.3 #</Process><Process ToolSource="c:\program files (x86)\arcgis\desktop10.5\ArcToolbox\Toolboxes\Data Management Tools.tbx\CalculateField" Date="20190313" Time="142516">CalculateField DEMnet2000_SPLIT Seg_Len [LENGTH] VB #</Process><Process ToolSource="c:\program files (x86)\arcgis\desktop10.5\ArcToolbox\Toolboxes\Data Management Tools.tbx\JoinField" Date="20190315" Time="110534">JoinField DEMnet2000_SPLIT FID Impervious FID_ Area;Impervious</Process><Process ToolSource="c:\program files (x86)\arcgis\desktop10.5\ArcToolbox\Toolboxes\Data Management Tools.tbx\JoinField" Date="20190315" Time="110809">JoinField DEMnet2000_SPLIT FID Public FID_ Public_</Process><Process ToolSource="c:\program files (x86)\arcgis\desktop10.5\ArcToolbox\Toolboxes\Data Management Tools.tbx\CalculateField" Date="20190315" Time="111601">CalculateField DEMnet2000_SPLIT Len_Ft "!Seg_Len! * 3.28084" PYTHON_9.3 #</Process><Process ToolSource="c:\program files (x86)\arcgis\desktop10.5\ArcToolbox\Toolboxes\Data Management Tools.tbx\JoinField" Date="20190315" Time="113429">JoinField DEMnet2000_SPLIT FID Cost FID_ CostEstima</Process><Process ToolSource="c:\program files (x86)\arcgis\desktop10.5\ArcToolbox\Toolboxes\Data Management Tools.tbx\JoinField" Date="20190315" Time="113620">JoinField DEMnet2000_SPLIT FID Cost FID_ CostEstima</Process><Process ToolSource="c:\program files (x86)\arcgis\desktop10.5\ArcToolbox\Toolboxes\Data Management Tools.tbx\CalculateField" Date="20190328" Time="143307">CalculateField BackRiver Area_mi "[Area] *3.86102e-7" VB #</Process><Process ToolSource="c:\program files (x86)\arcgis\desktop10.5\ArcToolbox\Toolboxes\Data Management Tools.tbx\CalculateField" Date="20190328" Time="143332">CalculateField BackRiver Area_mi "[Area] *0.000000386102" VB #</Process><Process ToolSource="c:\program files (x86)\arcgis\desktop10.5\ArcToolbox\Toolboxes\Data Management Tools.tbx\JoinField" Date="20190328" Time="143752">JoinField BackRiver FID "C:\Users\ruoyu\Desktop\Baltimore\New Folder\Public%100m\BackPublic.dbf" FID_ Public_</Process><Process ToolSource="c:\program files (x86)\arcgis\desktop10.5\ArcToolbox\Toolboxes\Data Management Tools.tbx\CalculateField" Date="20190328" Time="145034">CalculateField BackRiver Watershed 'Back' PYTHON_9.3 #</Process><Process ToolSource="c:\program files (x86)\arcgis\desktop10.5\ArcToolbox\Toolboxes\Data Management Tools.tbx\Merge" Date="20190328" Time="145242">Merge BackRiver;Gwynns;Jones "C:\Users\ruoyu\Desktop\Baltimore\New Folder\StreamCost\MergedStream.shp" "LENGTH "LENGTH" true true false 19 Double 0 0 ,First,#,BackRiver,LENGTH,-1,-1,Gwynns,LENGTH,-1,-1,Jones,LENGTH,-1,-1;Seg_Len "Seg_Len" true true false 13 Float 0 0 ,First,#,BackRiver,Seg_Len,-1,-1,Gwynns,Seg_Len,-1,-1,Jones,Seg_Len,-1,-1;HYDROID "HYDROID" true true false 13 Float 0 0 ,First,#,BackRiver,HYDROID,-1,-1,Gwynns,HYDROID,-1,-1,Jones,HYDROID,-1,-1;Area "Area" true true false 10 Long 0 10 ,First,#,BackRiver,Area,-1,-1,Gwynns,Area,-1,-1,Jones,Area,-1,-1;Impervious "Impervious" true true false 19 Double 0 0 ,First,#,BackRiver,Impervious,-1,-1,Gwynns,Impervious,-1,-1,Jones,Impervious,-1,-1;Len_Ft "Len_Ft" true true false 13 Float 0 0 ,First,#,BackRiver,Len_Ft,-1,-1,Gwynns,Len_Ft,-1,-1,Jones,Len_Ft,-1,-1;CostEstima "CostEstima" true true false 19 Double 0 0 ,First,#,BackRiver,CostEstima,-1,-1,Gwynns,CostEstima,-1,-1,Jones,CostEstima,-1,-1;Area_mi "Area_mi" true true false 13 Float 0 0 ,First,#,BackRiver,Area_mi,-1,-1,Gwynns,Area_mi,-1,-1,Jones,Area_mi,-1,-1;Public_ "Public_" true true false 19 Double 0 0 ,First,#,BackRiver,Public_,-1,-1,Gwynns,Public_,-1,-1,Jones,Public_,-1,-1;Watershed "Watershed" true true false 10 Text 0 0 ,First,#,BackRiver,Watershed,-1,-1,Gwynns,Watershed,-1,-1,Jones,Watershed,-1,-1"</Process><Process ToolSource="c:\program files (x86)\arcgis\desktop10.5\ArcToolbox\Toolboxes\Data Management Tools.tbx\JoinField" Date="20190328" Time="150031">JoinField MergedStream FID FinalCost FID_ CostEstima</Process><Process ToolSource="c:\program files (x86)\arcgis\desktop10.5\ArcToolbox\Toolboxes\Data Management Tools.tbx\JoinField" Date="20190328" Time="150220">JoinField MergedStream FID FinalCost FID_ CostEstima</Process><Process ToolSource="c:\program files (x86)\arcgis\desktop10.5\ArcToolbox\Toolboxes\Data Management Tools.tbx\CalculateField" Date="20190328" Time="151222">CalculateField MergedStream CostEsti_2 math.exp(9.719 - 0.354*math.log( !Len_Ft! ) + 0.0245 * math.log( !Impervious! ) +0.424 *math.log( !Area_mi! ) ) PYTHON_9.3 #</Process><Process ToolSource="c:\program files (x86)\arcgis\desktop10.5\ArcToolbox\Toolboxes\Data Management Tools.tbx\JoinField" Date="20190404" Time="150444">JoinField MergedStream FID Merged_Public FID_ Public_</Process><Process ToolSource="c:\program files (x86)\arcgis\desktop10.5\ArcToolbox\Toolboxes\Data Management Tools.tbx\JoinField" Date="20190404" Time="151700">JoinField MergedStream FID NewCost FID_ NewCost</Process><Process ToolSource="c:\program files (x86)\arcgis\desktop10.5\ArcToolbox\Toolboxes\Data Management Tools.tbx\JoinField" Date="20190423" Time="091209">JoinField MergedStream FID "C:\Users\ruoyu\Desktop\Baltimore\New Folder\Benefit\wtp_fb.dbf" FID_ FB_priv;FB_pub;Households;perlbN_pri;perlbN_pub</Process><Process ToolSource="c:\program files (x86)\arcgis\desktop10.5\ArcToolbox\Toolboxes\Data Management Tools.tbx\CalculateField" Date="20190423" Time="091424">CalculateField MergedStream Tot_WTP "[Public_] *( [FB_pub] + [Len_Ft] * 0.2 * [perlbN_pub] ) + (1- [Public_] )*( [FB_priv] + 0.2 * [Len_Ft] * [perlbN_pri] )" VB #</Process><Process ToolSource="c:\program files (x86)\arcgis\desktop10.5\ArcToolbox\Toolboxes\Data Management Tools.tbx\CalculateField" Date="20190423" Time="091527">CalculateField MergedStream WTP_per "([Public_] *( [FB_pub] + [Len_Ft] * 0.2 * [perlbN_pub] ) + (1- [Public_] )*( [FB_priv] + 0.2 * [Len_Ft] * [perlbN_pri] ))/ [Households]" VB #</Process><Process ToolSource="c:\program files (x86)\arcgis\desktop10.5\ArcToolbox\Toolboxes\Data Management Tools.tbx\CalculateField" Date="20190423" Time="100013">CalculateField MergedStream WTPtoCost "[Tot_WTP] / ( [NewCost] * [Len_Ft] )" VB #</Process><Process ToolSource="c:\program files (x86)\arcgis\desktop10.5\ArcToolbox\Toolboxes\Conversion Tools.tbx\FeatureClassToFeatureClass" Date="20200505" Time="164759">FeatureClassToFeatureClass MergedStream "C:\Users\ruoyu\Desktop\Baltimore\New Folder\Benefit\Benefit.gdb" StreamBenefits # "LENGTH "LENGTH" true true false 19 Double 0 0 ,First,#,MergedStream,LENGTH,-1,-1;Seg_Len "Seg_Len" true true false 13 Float 0 0 ,First,#,MergedStream,Seg_Len,-1,-1;HYDROID "HYDROID" true true false 13 Float 0 0 ,First,#,MergedStream,HYDROID,-1,-1;Area "Area" true true false 10 Long 0 10 ,First,#,MergedStream,Area,-1,-1;Impervious "Impervious" true true false 19 Double 0 0 ,First,#,MergedStream,Impervious,-1,-1;Len_Ft "Len_Ft" true true false 13 Float 0 0 ,First,#,MergedStream,Len_Ft,-1,-1;CostEstima "CostEstima" true true false 19 Double 0 0 ,First,#,MergedStream,CostEstima,-1,-1;Area_mi "Area_mi" true true false 13 Float 0 0 ,First,#,MergedStream,Area_mi,-1,-1;Watershed "Watershed" true true false 10 Text 0 0 ,First,#,MergedStream,Watershed,-1,-1;CostEsti_2 "CostEsti_2" true true false 19 Double 0 0 ,First,#,MergedStream,CostEsti_2,-1,-1;Public_ "Public_" true true false 19 Double 0 0 ,First,#,MergedStream,Public_,-1,-1;NewCost "NewCost" true true false 19 Double 0 0 ,First,#,MergedStream,NewCost,-1,-1" #</Process><Process ToolSource="c:\program files (x86)\arcgis\desktop10.5\ArcToolbox\Toolboxes\Data Management Tools.tbx\CalculateField" Date="20200505" Time="165045">CalculateField StreamBenefits StreamID [OBJECTID]-1 VB #</Process><Process ToolSource="c:\program files (x86)\arcgis\desktop10.5\ArcToolbox\Toolboxes\Data Management Tools.tbx\JoinField" Date="20200505" Time="165234">JoinField StreamBenefits OBJECTID NewBenefits_Est OBJECTID FB_priv;FB_pub;FW_priv;FW_pub;FN_priv;FN_pub;MB_priv;MB_pub;MW_priv;MW_pub;MN_priv;MN_pub;XB_priv;XB_pub;XW_priv;XW_pub;perlbN_pri;perlbN_pub;Households</Process><Process ToolSource="c:\program files (x86)\arcgis\desktop10.5\ArcToolbox\Toolboxes\Data Management Tools.tbx\CalculateField" Date="20200505" Time="214057">CalculateField StreamBenefits FB_Benefit "[Public_] * ([FB_pub]+ [perlbN_pub]*0.2 )+(1- [Public_] ) * ([FB_priv]+ [perlbN_pri]*0.2)" VB #</Process><Process ToolSource="c:\program files (x86)\arcgis\desktop10.5\ArcToolbox\Toolboxes\Data Management Tools.tbx\CalculateField" Date="20200505" Time="214135">CalculateField StreamBenefits FW_Benefit "[Public_] * ( [FW_pub] + [perlbN_pub]*0.2 )+(1- [Public_] ) * ([FW_priv]+ [perlbN_pri]*0.2)" VB #</Process><Process ToolSource="c:\program files (x86)\arcgis\desktop10.5\ArcToolbox\Toolboxes\Data Management Tools.tbx\CalculateField" Date="20200505" Time="214150">CalculateField StreamBenefits FN_Benefit "[Public_] * ( [FN_pub] + [perlbN_pub]*0.2 )+(1- [Public_] ) * ([FN_priv]+ [perlbN_pri]*0.2)" VB #</Process><Process ToolSource="c:\program files (x86)\arcgis\desktop10.5\ArcToolbox\Toolboxes\Data Management Tools.tbx\CalculateField" Date="20200505" Time="214205">CalculateField StreamBenefits MB_Benefit "[Public_] * ( [MB_pub] + [perlbN_pub]*0.2 )+(1- [Public_] ) * ([MB_priv]+ [perlbN_pri]*0.2)" VB #</Process><Process ToolSource="c:\program files (x86)\arcgis\desktop10.5\ArcToolbox\Toolboxes\Data Management Tools.tbx\CalculateField" Date="20200505" Time="214230">CalculateField StreamBenefits MW_Benefit "[Public_] * ( [MW_pub] + [perlbN_pub]*0.2 )+(1- [Public_] ) * ([MW_priv]+ [perlbN_pri]*0.2)" VB #</Process><Process ToolSource="c:\program files (x86)\arcgis\desktop10.5\ArcToolbox\Toolboxes\Data Management Tools.tbx\CalculateField" Date="20200505" Time="214307">CalculateField StreamBenefits MN_WTP "[Public_] * ( [MN_pub] + [perlbN_pub]*0.2 )+(1- [Public_] ) * ([MN_priv]+ [perlbN_pri]*0.2)" VB #</Process><Process ToolSource="c:\program files (x86)\arcgis\desktop10.5\ArcToolbox\Toolboxes\Data Management Tools.tbx\AlterField" Date="20200505" Time="214347">AlterField StreamBenefits FB_Benefit FB_WTP # DOUBLE 8 NULLABLE false</Process><Process ToolSource="c:\program files (x86)\arcgis\desktop10.5\ArcToolbox\Toolboxes\Data Management Tools.tbx\AlterField" Date="20200505" Time="214422">AlterField StreamBenefits FW_Benefit FW_WTP # DOUBLE 8 NULLABLE false</Process><Process ToolSource="c:\program files (x86)\arcgis\desktop10.5\ArcToolbox\Toolboxes\Data Management Tools.tbx\AlterField" Date="20200505" Time="214442">AlterField StreamBenefits FN_Benefit FN_WTP # DOUBLE 8 NULLABLE false</Process><Process ToolSource="c:\program files (x86)\arcgis\desktop10.5\ArcToolbox\Toolboxes\Data Management Tools.tbx\AlterField" Date="20200505" Time="214456">AlterField StreamBenefits MB_Benefit MB_WTP # DOUBLE 8 NULLABLE false</Process><Process ToolSource="c:\program files (x86)\arcgis\desktop10.5\ArcToolbox\Toolboxes\Data Management Tools.tbx\AlterField" Date="20200505" Time="214509">AlterField StreamBenefits MW_Benefit MW_WTP # DOUBLE 8 NULLABLE false</Process><Process ToolSource="c:\program files (x86)\arcgis\desktop10.5\ArcToolbox\Toolboxes\Data Management Tools.tbx\CalculateField" Date="20200505" Time="214651">CalculateField StreamBenefits XB_WTP "(1- [Public_] )*( [XB_priv] +0.2* [perlbN_pri] ) + [Public_]*( [XB_pub] +0.2* [perlbN_pub] )" VB #</Process><Process ToolSource="c:\program files (x86)\arcgis\desktop10.5\ArcToolbox\Toolboxes\Data Management Tools.tbx\CalculateField" Date="20200505" Time="214748">CalculateField StreamBenefits XW_WTP "(1- [Public_] )*( [XW_priv] +0.2* [perlbN_pri] ) + [Public_]*( [XW_pub] +0.2* [perlbN_pub] )" VB #</Process><Process ToolSource="c:\program files\arcgis\pro\Resources\ArcToolbox\Toolboxes\Data Management Tools.tbx\UpdateSchema" Date="20200911" Time="145743">UpdateSchema "CIMDATA=&lt;CIMStandardDataConnection xsi:type='typens:CIMStandardDataConnection' xmlns:xsi='http://www.w3.org/2001/XMLSchema-instance' xmlns:xs='http://www.w3.org/2001/XMLSchema' xmlns:typens='http://www.esri.com/schemas/ArcGIS/2.3.0'&gt;&lt;WorkspaceConnectionString&gt;DATABASE=C:\Users\ruoyu\Box\Band_Lab\Lab_projects\BES\CoastalSEES\Stream_Benefit&lt;/WorkspaceConnectionString&gt;&lt;WorkspaceFactory&gt;Shapefile&lt;/WorkspaceFactory&gt;&lt;Dataset&gt;Stream_Benefit.shp&lt;/Dataset&gt;&lt;DatasetType&gt;esriDTFeatureClass&lt;/DatasetType&gt;&lt;/CIMStandardDataConnection&gt;" &lt;operationSequence&gt;&lt;workflow&gt;&lt;AddField&gt;&lt;field_name&gt;F75&lt;/field_name&gt;&lt;field_type&gt;FLOAT&lt;/field_type&gt;&lt;field_is_nullable&gt;False&lt;/field_is_nullable&gt;&lt;field_is_required&gt;False&lt;/field_is_required&gt;&lt;/AddField&gt;&lt;/workflow&gt;&lt;workflow&gt;&lt;AddField&gt;&lt;field_name&gt;OpenRest&lt;/field_name&gt;&lt;field_type&gt;DOUBLE&lt;/field_type&gt;&lt;field_is_nullable&gt;False&lt;/field_is_nullable&gt;&lt;field_is_required&gt;False&lt;/field_is_required&gt;&lt;/AddField&gt;&lt;/workflow&gt;&lt;workflow&gt;&lt;AddField&gt;&lt;field_name&gt;CloseRest&lt;/field_name&gt;&lt;field_type&gt;DOUBLE&lt;/field_type&gt;&lt;field_is_nullable&gt;False&lt;/field_is_nullable&gt;&lt;field_is_required&gt;False&lt;/field_is_required&gt;&lt;/AddField&gt;&lt;/workflow&gt;&lt;/operationSequence&gt;</Process><Process ToolSource="c:\program files\arcgis\pro\Resources\ArcToolbox\toolboxes\Data Management Tools.tbx\CalculateField" Date="20200911" Time="150024">CalculateField Stream_Benefit F75 "2.01 * np.exp(0.06*!Impervious!)" "Python 3" "import numpy as np"</Process><Process ToolSource="c:\program files\arcgis\pro\Resources\ArcToolbox\toolboxes\Data Management Tools.tbx\CalculateField" Date="20200911" Time="150318">CalculateField Stream_Benefit OpenRest (!F75!**(-0.2982))*np.exp(5.023) "Python 3" "import numpy as np"</Process><Process ToolSource="c:\program files\arcgis\pro\Resources\ArcToolbox\toolboxes\Data Management Tools.tbx\CalculateField" Date="20200911" Time="150350">CalculateField Stream_Benefit CloseRest (!F75!**(-0.3015))*np.exp(4.3306) "Python 3" "import numpy as np"</Process><Process ToolSource="c:\program files\arcgis\pro\Resources\ArcToolbox\toolboxes\Data Management Tools.tbx\CalculateField" Date="20200911" Time="151030">CalculateField Stream_Benefit FB_WTP "(!FB_pub! + !perlbN_pub! *!OpenRest!*!Seg_Len! * 0.00220462) * !Public_! + (!FB_priv! +!perlbN_pri! *!OpenRest!*!Seg_Len! * 0.00220462)* (1-!Public_!)" "Python 3" #</Process><Process ToolSource="c:\program files\arcgis\pro\Resources\ArcToolbox\Toolboxes\Data Management Tools.tbx\UpdateSchema" Date="20200911" Time="151222">UpdateSchema "CIMDATA=&lt;CIMStandardDataConnection xsi:type='typens:CIMStandardDataConnection' xmlns:xsi='http://www.w3.org/2001/XMLSchema-instance' xmlns:xs='http://www.w3.org/2001/XMLSchema' xmlns:typens='http://www.esri.com/schemas/ArcGIS/2.3.0'&gt;&lt;WorkspaceConnectionString&gt;DATABASE=C:\Users\ruoyu\Box\Band_Lab\Lab_projects\BES\CoastalSEES\Stream_Benefit&lt;/WorkspaceConnectionString&gt;&lt;WorkspaceFactory&gt;Shapefile&lt;/WorkspaceFactory&gt;&lt;Dataset&gt;Stream_Benefit.shp&lt;/Dataset&gt;&lt;DatasetType&gt;esriDTFeatureClass&lt;/DatasetType&gt;&lt;/CIMStandardDataConnection&gt;" &lt;operationSequence&gt;&lt;workflow&gt;&lt;AddField&gt;&lt;field_name&gt;FB_WTP_Clo&lt;/field_name&gt;&lt;field_type&gt;DOUBLE&lt;/field_type&gt;&lt;field_is_nullable&gt;False&lt;/field_is_nullable&gt;&lt;field_is_required&gt;False&lt;/field_is_required&gt;&lt;/AddField&gt;&lt;/workflow&gt;&lt;/operationSequence&gt;</Process><Process ToolSource="c:\program files\arcgis\pro\Resources\ArcToolbox\toolboxes\Data Management Tools.tbx\CalculateField" Date="20200911" Time="151310">CalculateField Stream_Benefit FB_WTP_Clo "(!FB_pub! + !perlbN_pub! *!CloseRest!*!Seg_Len! * 0.00220462) * !Public_! + (!FB_priv! +!perlbN_pri! *!CloseRest!*!Seg_Len! * 0.00220462)* (1-!Public_!)" "Python 3" #</Process><Process ToolSource="c:\program files\arcgis\pro\Resources\ArcToolbox\Toolboxes\Data Management Tools.tbx\UpdateSchema" Date="20200914" Time="090516">UpdateSchema "CIMDATA=&lt;CIMStandardDataConnection xsi:type='typens:CIMStandardDataConnection' xmlns:xsi='http://www.w3.org/2001/XMLSchema-instance' xmlns:xs='http://www.w3.org/2001/XMLSchema' xmlns:typens='http://www.esri.com/schemas/ArcGIS/2.3.0'&gt;&lt;WorkspaceConnectionString&gt;DATABASE=C:\Users\ruoyu\Box\Band_Lab\Lab_projects\BES\CoastalSEES\Stream_Benefit&lt;/WorkspaceConnectionString&gt;&lt;WorkspaceFactory&gt;Shapefile&lt;/WorkspaceFactory&gt;&lt;Dataset&gt;Stream_Benefit.shp&lt;/Dataset&gt;&lt;DatasetType&gt;esriDTFeatureClass&lt;/DatasetType&gt;&lt;/CIMStandardDataConnection&gt;" &lt;operationSequence&gt;&lt;workflow&gt;&lt;AddField&gt;&lt;field_name&gt;FB_DIFF&lt;/field_name&gt;&lt;field_type&gt;DOUBLE&lt;/field_type&gt;&lt;field_is_nullable&gt;False&lt;/field_is_nullable&gt;&lt;field_is_required&gt;False&lt;/field_is_required&gt;&lt;/AddField&gt;&lt;/workflow&gt;&lt;/operationSequence&gt;</Process><Process ToolSource="c:\program files\arcgis\pro\Resources\ArcToolbox\toolboxes\Data Management Tools.tbx\CalculateField" Date="20200914" Time="090546">CalculateField Stream_Benefit FB_DIFF !FB_WTP!-!FB_WTP_Clo! "Python 3" #</Process><Process ToolSource="c:\program files\arcgis\pro\Resources\ArcToolbox\toolboxes\Data Management Tools.tbx\CalculateField" Date="20200917" Time="083420">CalculateField Stream_Benefit FB_WTP "!FB_priv! * (1-!Public_!) + !FB_pub!*!Public_!" "Python 3" #</Process><Process ToolSource="c:\program files\arcgis\pro\Resources\ArcToolbox\toolboxes\Data Management Tools.tbx\CalculateField" Date="20200917" Time="083438">CalculateField Stream_Benefit FB_WTP "!FW_priv! * (1-!Public_!) + !FW_pub!*!Public_!" "Python 3" #</Process><Process ToolSource="c:\program files\arcgis\pro\Resources\ArcToolbox\toolboxes\Data Management Tools.tbx\CalculateField" Date="20200917" Time="083453">CalculateField Stream_Benefit FB_WTP "!FN_priv! * (1-!Public_!) + !FN_pub!*!Public_!" "Python 3" #</Process><Process ToolSource="c:\program files\arcgis\pro\Resources\ArcToolbox\toolboxes\Data Management Tools.tbx\CalculateField" Date="20200917" Time="083513">CalculateField Stream_Benefit FB_WTP "!MB_priv! * (1-!Public_!) + !MB_pub!*!Public_!" "Python 3" #</Process><Process ToolSource="c:\program files\arcgis\pro\Resources\ArcToolbox\toolboxes\Data Management Tools.tbx\CalculateField" Date="20200917" Time="083540">CalculateField Stream_Benefit FB_WTP "!FB_priv! * (1-!Public_!) + !FB_pub!*!Public_!" "Python 3" #</Process><Process ToolSource="c:\program files\arcgis\pro\Resources\ArcToolbox\toolboxes\Data Management Tools.tbx\CalculateField" Date="20200917" Time="083559">CalculateField Stream_Benefit FW_WTP "!FW_priv! * (1-!Public_!) + !FW_pub!*!Public_!" "Python 3" #</Process><Process ToolSource="c:\program files\arcgis\pro\Resources\ArcToolbox\toolboxes\Data Management Tools.tbx\CalculateField" Date="20200917" Time="083614">CalculateField Stream_Benefit FN_WTP "!FN_priv! * (1-!Public_!) + !FN_pub!*!Public_!" "Python 3" #</Process><Process ToolSource="c:\program files\arcgis\pro\Resources\ArcToolbox\toolboxes\Data Management Tools.tbx\CalculateField" Date="20200917" Time="083635">CalculateField Stream_Benefit MB_WTP "!MB_priv! * (1-!Public_!) + !MB_pub!*!Public_!" "Python 3" #</Process><Process ToolSource="c:\program files\arcgis\pro\Resources\ArcToolbox\toolboxes\Data Management Tools.tbx\CalculateField" Date="20200917" Time="083648">CalculateField Stream_Benefit MW_WTP "!MW_priv! * (1-!Public_!) + !MW_pub!*!Public_!" "Python 3" #</Process><Process ToolSource="c:\program files\arcgis\pro\Resources\ArcToolbox\toolboxes\Data Management Tools.tbx\CalculateField" Date="20200917" Time="083709">CalculateField Stream_Benefit MN_WTP "!MN_priv! * (1-!Public_!) + !MN_pub!*!Public_!" "Python 3" #</Process><Process ToolSource="c:\program files\arcgis\pro\Resources\ArcToolbox\toolboxes\Data Management Tools.tbx\CalculateField" Date="20200917" Time="083726">CalculateField Stream_Benefit XB_WTP "!XB_priv! * (1-!Public_!) + !XB_pub!*!Public_!" "Python 3" #</Process><Process ToolSource="c:\program files\arcgis\pro\Resources\ArcToolbox\toolboxes\Data Management Tools.tbx\UpdateSchema" Date="20200917" Time="083834">UpdateSchema "CIMDATA=&lt;CIMStandardDataConnection xsi:type='typens:CIMStandardDataConnection' xmlns:xsi='http://www.w3.org/2001/XMLSchema-instance' xmlns:xs='http://www.w3.org/2001/XMLSchema' xmlns:typens='http://www.esri.com/schemas/ArcGIS/2.3.0'&gt;&lt;WorkspaceConnectionString&gt;DATABASE=C:\Users\ruoyu\Box\Band_Lab\Lab_projects\BES\CoastalSEES\Stream_Benefit&lt;/WorkspaceConnectionString&gt;&lt;WorkspaceFactory&gt;Shapefile&lt;/WorkspaceFactory&gt;&lt;Dataset&gt;Stream_Benefit.shp&lt;/Dataset&gt;&lt;DatasetType&gt;esriDTFeatureClass&lt;/DatasetType&gt;&lt;/CIMStandardDataConnection&gt;" &lt;operationSequence&gt;&lt;workflow&gt;&lt;AddField&gt;&lt;field_name&gt;Field&lt;/field_name&gt;&lt;field_type&gt;LONG&lt;/field_type&gt;&lt;field_is_nullable&gt;False&lt;/field_is_nullable&gt;&lt;field_is_required&gt;False&lt;/field_is_required&gt;&lt;/AddField&gt;&lt;/workflow&gt;&lt;/operationSequence&gt;</Process><Process ToolSource="c:\program files\arcgis\pro\Resources\ArcToolbox\toolboxes\Data Management Tools.tbx\UpdateSchema" Date="20200917" Time="083841">UpdateSchema "CIMDATA=&lt;CIMStandardDataConnection xsi:type='typens:CIMStandardDataConnection' xmlns:xsi='http://www.w3.org/2001/XMLSchema-instance' xmlns:xs='http://www.w3.org/2001/XMLSchema' xmlns:typens='http://www.esri.com/schemas/ArcGIS/2.3.0'&gt;&lt;WorkspaceConnectionString&gt;DATABASE=C:\Users\ruoyu\Box\Band_Lab\Lab_projects\BES\CoastalSEES\Stream_Benefit&lt;/WorkspaceConnectionString&gt;&lt;WorkspaceFactory&gt;Shapefile&lt;/WorkspaceFactory&gt;&lt;Dataset&gt;Stream_Benefit.shp&lt;/Dataset&gt;&lt;DatasetType&gt;esriDTFeatureClass&lt;/DatasetType&gt;&lt;/CIMStandardDataConnection&gt;" &lt;operationSequence&gt;&lt;workflow&gt;&lt;DeleteField&gt;&lt;field_name&gt;Field&lt;/field_name&gt;&lt;/DeleteField&gt;&lt;/workflow&gt;&lt;/operationSequence&gt;</Process><Process ToolSource="c:\program files\arcgis\pro\Resources\ArcToolbox\toolboxes\Data Management Tools.tbx\UpdateSchema" Date="20200917" Time="084027">UpdateSchema "CIMDATA=&lt;CIMStandardDataConnection xsi:type='typens:CIMStandardDataConnection' xmlns:xsi='http://www.w3.org/2001/XMLSchema-instance' xmlns:xs='http://www.w3.org/2001/XMLSchema' xmlns:typens='http://www.esri.com/schemas/ArcGIS/2.3.0'&gt;&lt;WorkspaceConnectionString&gt;DATABASE=C:\Users\ruoyu\Box\Band_Lab\Lab_projects\BES\CoastalSEES\Stream_Benefit&lt;/WorkspaceConnectionString&gt;&lt;WorkspaceFactory&gt;Shapefile&lt;/WorkspaceFactory&gt;&lt;Dataset&gt;Stream_Benefit.shp&lt;/Dataset&gt;&lt;DatasetType&gt;esriDTFeatureClass&lt;/DatasetType&gt;&lt;/CIMStandardDataConnection&gt;" &lt;operationSequence&gt;&lt;workflow&gt;&lt;AddField&gt;&lt;field_name&gt;T_OpenRed&lt;/field_name&gt;&lt;field_type&gt;DOUBLE&lt;/field_type&gt;&lt;field_is_nullable&gt;False&lt;/field_is_nullable&gt;&lt;field_is_required&gt;False&lt;/field_is_required&gt;&lt;/AddField&gt;&lt;/workflow&gt;&lt;workflow&gt;&lt;AddField&gt;&lt;field_name&gt;T_ClosRed&lt;/field_name&gt;&lt;field_type&gt;DOUBLE&lt;/field_type&gt;&lt;field_is_nullable&gt;False&lt;/field_is_nullable&gt;&lt;field_is_required&gt;False&lt;/field_is_required&gt;&lt;/AddField&gt;&lt;/workflow&gt;&lt;/operationSequence&gt;</Process><Process ToolSource="c:\program files\arcgis\pro\Resources\ArcToolbox\toolboxes\Data Management Tools.tbx\CalculateField" Date="20200917" Time="084318">CalculateField Stream_Benefit T_OpenRed !OpenRest!*!Seg_Len!*0.00220462 "Python 3" #</Process><Process ToolSource="c:\program files\arcgis\pro\Resources\ArcToolbox\toolboxes\Data Management Tools.tbx\CalculateField" Date="20200917" Time="084356">CalculateField Stream_Benefit T_ClosRed !CloseRest!*!Seg_Len!*0.00220462 "Python 3" #</Process><Process ToolSource="c:\program files\arcgis\pro\Resources\ArcToolbox\toolboxes\Data Management Tools.tbx\DeleteField" Date="20200917" Time="084421">DeleteField Stream_Benefit FB_WTP_Clo</Process><Process ToolSource="c:\program files\arcgis\pro\Resources\ArcToolbox\toolboxes\Data Management Tools.tbx\DeleteField" Date="20200917" Time="084427">DeleteField Stream_Benefit FB_DIFF</Process><Process ToolSource="c:\program files\arcgis\pro\Resources\ArcToolbox\toolboxes\Data Management Tools.tbx\UpdateSchema" Date="20200917" Time="085325">UpdateSchema "CIMDATA=&lt;CIMStandardDataConnection xsi:type='typens:CIMStandardDataConnection' xmlns:xsi='http://www.w3.org/2001/XMLSchema-instance' xmlns:xs='http://www.w3.org/2001/XMLSchema' xmlns:typens='http://www.esri.com/schemas/ArcGIS/2.3.0'&gt;&lt;WorkspaceConnectionString&gt;DATABASE=C:\Users\ruoyu\Box\Band_Lab\Lab_projects\BES\CoastalSEES\Stream_Benefit&lt;/WorkspaceConnectionString&gt;&lt;WorkspaceFactory&gt;Shapefile&lt;/WorkspaceFactory&gt;&lt;Dataset&gt;Stream_Benefit.shp&lt;/Dataset&gt;&lt;DatasetType&gt;esriDTFeatureClass&lt;/DatasetType&gt;&lt;/CIMStandardDataConnection&gt;" &lt;operationSequence&gt;&lt;workflow&gt;&lt;AddField&gt;&lt;field_name&gt;FB_WTPopen&lt;/field_name&gt;&lt;field_type&gt;DOUBLE&lt;/field_type&gt;&lt;field_is_nullable&gt;False&lt;/field_is_nullable&gt;&lt;field_is_required&gt;False&lt;/field_is_required&gt;&lt;/AddField&gt;&lt;/workflow&gt;&lt;workflow&gt;&lt;AddField&gt;&lt;field_name&gt;FB_WTPclos&lt;/field_name&gt;&lt;field_type&gt;DOUBLE&lt;/field_type&gt;&lt;field_is_nullable&gt;False&lt;/field_is_nullable&gt;&lt;field_is_required&gt;False&lt;/field_is_required&gt;&lt;/AddField&gt;&lt;/workflow&gt;&lt;/operationSequence&gt;</Process><Process ToolSource="c:\program files\arcgis\pro\Resources\ArcToolbox\toolboxes\Data Management Tools.tbx\CalculateField" Date="20200917" Time="085746">CalculateField Stream_Benefit FB_WTPopen "!FB_WTP! + !T_OpenRed!*!perlbN_pub! * !Public_! + !T_OpenRed!*!perlbN_pri! * (1-!Public_!)" "Python 3" #</Process><Process ToolSource="c:\program files\arcgis\pro\Resources\ArcToolbox\toolboxes\Data Management Tools.tbx\CalculateField" Date="20200917" Time="085914">CalculateField Stream_Benefit FB_WTPopen "!FB_WTP! + !T_ClosRed!*!perlbN_pub! * !Public_! + !T_ClosRed!*!perlbN_pri! * (1-!Public_!)" "Python 3" #</Process><Process ToolSource="c:\program files\arcgis\pro\Resources\ArcToolbox\toolboxes\Data Management Tools.tbx\CalculateField" Date="20200917" Time="085921">CalculateField Stream_Benefit FB_WTPclos "!FB_WTP! + !T_ClosRed!*!perlbN_pub! * !Public_! + !T_ClosRed!*!perlbN_pri! * (1-!Public_!)" "Python 3" #</Process><Process ToolSource="c:\program files\arcgis\pro\Resources\ArcToolbox\toolboxes\Data Management Tools.tbx\CalculateField" Date="20200917" Time="085943">CalculateField Stream_Benefit FB_WTPopen "!FB_WTP! + !T_OpenRed!*!perlbN_pub! * !Public_! + !T_OpenRed!*!perlbN_pri! * (1-!Public_!)" "Python 3" #</Process><Process ToolSource="c:\program files\arcgis\pro\Resources\ArcToolbox\toolboxes\Data Management Tools.tbx\UpdateSchema" Date="20200917" Time="090259">UpdateSchema "CIMDATA=&lt;CIMStandardDataConnection xsi:type='typens:CIMStandardDataConnection' xmlns:xsi='http://www.w3.org/2001/XMLSchema-instance' xmlns:xs='http://www.w3.org/2001/XMLSchema' xmlns:typens='http://www.esri.com/schemas/ArcGIS/2.3.0'&gt;&lt;WorkspaceConnectionString&gt;DATABASE=C:\Users\ruoyu\Box\Band_Lab\Lab_projects\BES\CoastalSEES\Stream_Benefit&lt;/WorkspaceConnectionString&gt;&lt;WorkspaceFactory&gt;Shapefile&lt;/WorkspaceFactory&gt;&lt;Dataset&gt;Stream_Benefit.shp&lt;/Dataset&gt;&lt;DatasetType&gt;esriDTFeatureClass&lt;/DatasetType&gt;&lt;/CIMStandardDataConnection&gt;" &lt;operationSequence&gt;&lt;workflow&gt;&lt;AddField&gt;&lt;field_name&gt;FB_WTP_no3&lt;/field_name&gt;&lt;field_type&gt;DOUBLE&lt;/field_type&gt;&lt;field_is_nullable&gt;False&lt;/field_is_nullable&gt;&lt;field_is_required&gt;False&lt;/field_is_required&gt;&lt;/AddField&gt;&lt;/workflow&gt;&lt;/operationSequence&gt;</Process><Process ToolSource="c:\program files\arcgis\pro\Resources\ArcToolbox\toolboxes\Data Management Tools.tbx\CalculateField" Date="20200917" Time="090412">CalculateField Stream_Benefit FB_WTP_no3 "!FB_WTPopen! - !FB_WTP!" "Python 3" #</Process><Process ToolSource="c:\program files\arcgis\pro\Resources\ArcToolbox\Toolboxes\Data Management Tools.tbx\UpdateSchema" Date="20200921" Time="173552">UpdateSchema "CIMDATA=&lt;CIMStandardDataConnection xsi:type='typens:CIMStandardDataConnection' xmlns:xsi='http://www.w3.org/2001/XMLSchema-instance' xmlns:xs='http://www.w3.org/2001/XMLSchema' xmlns:typens='http://www.esri.com/schemas/ArcGIS/2.3.0'&gt;&lt;WorkspaceConnectionString&gt;DATABASE=C:\Users\ruoyu\Box\Band_Lab\Lab_projects\BES\CoastalSEES\Stream_Benefit&lt;/WorkspaceConnectionString&gt;&lt;WorkspaceFactory&gt;Shapefile&lt;/WorkspaceFactory&gt;&lt;Dataset&gt;Stream_Benefit.shp&lt;/Dataset&gt;&lt;DatasetType&gt;esriDTFeatureClass&lt;/DatasetType&gt;&lt;/CIMStandardDataConnection&gt;" &lt;operationSequence&gt;&lt;workflow&gt;&lt;AddField&gt;&lt;field_name&gt;FB_PER_WTP&lt;/field_name&gt;&lt;field_type&gt;DOUBLE&lt;/field_type&gt;&lt;field_is_nullable&gt;False&lt;/field_is_nullable&gt;&lt;field_is_required&gt;False&lt;/field_is_required&gt;&lt;/AddField&gt;&lt;/workflow&gt;&lt;/operationSequence&gt;</Process><Process ToolSource="c:\program files\arcgis\pro\Resources\ArcToolbox\toolboxes\Data Management Tools.tbx\CalculateField" Date="20200921" Time="173748">CalculateField Stream_Benefit FB_PER_WTP "!FB_WTPopen! / !Households!" "Python 3" #</Process><Process ToolSource="c:\program files\arcgis\pro\Resources\ArcToolbox\toolboxes\Data Management Tools.tbx\CopyFeatures" Date="20210115" Time="110255">CopyFeatures Stream_Benefit C:\Users\ruoyu\Box\Baltimore_WTP\Stream_Level_Result\Stream_Benefits.shp # # # #</Process><Process ToolSource="c:\program files\arcgis\pro\Resources\ArcToolbox\toolboxes\Data Management Tools.tbx\JoinField" Date="20210115" Time="110600">JoinField Stream_Benefits FID Census_Summary FID Population_Total;Mean_Median_Household_Income</Process><Process ToolSource="c:\program files\arcgis\pro\Resources\ArcToolbox\toolboxes\Data Management Tools.tbx\UpdateSchema" Date="20210118" Time="104928">UpdateSchema "CIMDATA=&lt;CIMStandardDataConnection xsi:type='typens:CIMStandardDataConnection' xmlns:xsi='http://www.w3.org/2001/XMLSchema-instance' xmlns:xs='http://www.w3.org/2001/XMLSchema' xmlns:typens='http://www.esri.com/schemas/ArcGIS/2.3.0'&gt;&lt;WorkspaceConnectionString&gt;DATABASE=C:\Users\ruoyu\Box\Baltimore_WTP\Stream_Level_Result&lt;/WorkspaceConnectionString&gt;&lt;WorkspaceFactory&gt;Shapefile&lt;/WorkspaceFactory&gt;&lt;Dataset&gt;Stream_Benefits.shp&lt;/Dataset&gt;&lt;DatasetType&gt;esriDTFeatureClass&lt;/DatasetType&gt;&lt;/CIMStandardDataConnection&gt;" &lt;operationSequence&gt;&lt;workflow&gt;&lt;AddField&gt;&lt;field_name&gt;Field&lt;/field_name&gt;&lt;field_type&gt;LONG&lt;/field_type&gt;&lt;field_is_nullable&gt;False&lt;/field_is_nullable&gt;&lt;field_is_required&gt;False&lt;/field_is_required&gt;&lt;/AddField&gt;&lt;/workflow&gt;&lt;/operationSequence&gt;</Process><Process ToolSource="c:\program files\arcgis\pro\Resources\ArcToolbox\toolboxes\Data Management Tools.tbx\UpdateSchema" Date="20210118" Time="104935">UpdateSchema "CIMDATA=&lt;CIMStandardDataConnection xsi:type='typens:CIMStandardDataConnection' xmlns:xsi='http://www.w3.org/2001/XMLSchema-instance' xmlns:xs='http://www.w3.org/2001/XMLSchema' xmlns:typens='http://www.esri.com/schemas/ArcGIS/2.3.0'&gt;&lt;WorkspaceConnectionString&gt;DATABASE=C:\Users\ruoyu\Box\Baltimore_WTP\Stream_Level_Result&lt;/WorkspaceConnectionString&gt;&lt;WorkspaceFactory&gt;Shapefile&lt;/WorkspaceFactory&gt;&lt;Dataset&gt;Stream_Benefits.shp&lt;/Dataset&gt;&lt;DatasetType&gt;esriDTFeatureClass&lt;/DatasetType&gt;&lt;/CIMStandardDataConnection&gt;" &lt;operationSequence&gt;&lt;workflow&gt;&lt;DeleteField&gt;&lt;field_name&gt;Field&lt;/field_name&gt;&lt;/DeleteField&gt;&lt;/workflow&gt;&lt;/operationSequence&gt;</Process><Process ToolSource="c:\program files\arcgis\pro\Resources\ArcToolbox\toolboxes\Data Management Tools.tbx\UpdateSchema" Date="20210118" Time="124316">UpdateSchema "CIMDATA=&lt;CIMStandardDataConnection xsi:type='typens:CIMStandardDataConnection' xmlns:xsi='http://www.w3.org/2001/XMLSchema-instance' xmlns:xs='http://www.w3.org/2001/XMLSchema' xmlns:typens='http://www.esri.com/schemas/ArcGIS/2.3.0'&gt;&lt;WorkspaceConnectionString&gt;DATABASE=C:\Users\ruoyu\Box\Baltimore_WTP\Stream_Level_Result&lt;/WorkspaceConnectionString&gt;&lt;WorkspaceFactory&gt;Shapefile&lt;/WorkspaceFactory&gt;&lt;Dataset&gt;Stream_Benefits.shp&lt;/Dataset&gt;&lt;DatasetType&gt;esriDTFeatureClass&lt;/DatasetType&gt;&lt;/CIMStandardDataConnection&gt;" &lt;operationSequence&gt;&lt;workflow&gt;&lt;AddField&gt;&lt;field_name&gt;NOminusFB&lt;/field_name&gt;&lt;field_type&gt;DOUBLE&lt;/field_type&gt;&lt;field_is_nullable&gt;False&lt;/field_is_nullable&gt;&lt;field_is_required&gt;False&lt;/field_is_required&gt;&lt;/AddField&gt;&lt;/workflow&gt;&lt;/operationSequence&gt;</Process><Process ToolSource="c:\program files\arcgis\pro\Resources\ArcToolbox\toolboxes\Data Management Tools.tbx\CalculateField" Date="20210118" Time="124418">CalculateField Stream_Benefits NOminusFB !FB_WTP_no3!-!FB_WTP! "Python 3" #</Process><Process ToolSource="c:\program files\arcgis\pro\Resources\ArcToolbox\toolboxes\Data Management Tools.tbx\UpdateSchema" Date="20210120" Time="165543">UpdateSchema "CIMDATA=&lt;CIMStandardDataConnection xsi:type='typens:CIMStandardDataConnection' xmlns:xsi='http://www.w3.org/2001/XMLSchema-instance' xmlns:xs='http://www.w3.org/2001/XMLSchema' xmlns:typens='http://www.esri.com/schemas/ArcGIS/2.3.0'&gt;&lt;WorkspaceConnectionString&gt;DATABASE=C:\Users\ruoyu\Box\Baltimore_WTP\Stream_Level_Result&lt;/WorkspaceConnectionString&gt;&lt;WorkspaceFactory&gt;Shapefile&lt;/WorkspaceFactory&gt;&lt;Dataset&gt;Stream_Benefits.shp&lt;/Dataset&gt;&lt;DatasetType&gt;esriDTFeatureClass&lt;/DatasetType&gt;&lt;/CIMStandardDataConnection&gt;" &lt;operationSequence&gt;&lt;workflow&gt;&lt;AddField&gt;&lt;field_name&gt;Test&lt;/field_name&gt;&lt;field_type&gt;DOUBLE&lt;/field_type&gt;&lt;field_is_nullable&gt;False&lt;/field_is_nullable&gt;&lt;field_is_required&gt;False&lt;/field_is_required&gt;&lt;/AddField&gt;&lt;/workflow&gt;&lt;/operationSequence&gt;</Process><Process ToolSource="c:\program files\arcgis\pro\Resources\ArcToolbox\toolboxes\Data Management Tools.tbx\CalculateField" Date="20210120" Time="165852">CalculateField Stream_Benefits Test "!F75!**(-0.2982) * math.exp(5.023)" "Python 3" #</Process><Process ToolSource="c:\program files\arcgis\pro\Resources\ArcToolbox\toolboxes\Data Management Tools.tbx\DeleteField" Date="20210120" Time="165913">DeleteField Stream_Benefits T_OpenRed</Process><Process ToolSource="c:\program files\arcgis\pro\Resources\ArcToolbox\toolboxes\Data Management Tools.tbx\DeleteField" Date="20210120" Time="165919">DeleteField Stream_Benefits T_ClosRed</Process><Process ToolSource="c:\program files\arcgis\pro\Resources\ArcToolbox\toolboxes\Data Management Tools.tbx\CalculateField" Date="20210120" Time="170050">CalculateField Stream_Benefits Test "!OpenRest! * !Public_! * !perlbN_pub! + (1-!Public_!) * !perlbN_pri! * !OpenRest!" "Python 3" #</Process><Process ToolSource="c:\program files\arcgis\pro\Resources\ArcToolbox\toolboxes\Data Management Tools.tbx\CalculateField" Date="20210120" Time="170812">CalculateField Stream_Benefits F75 "2.01 * math.exp(0.06*!Impervious!)" "Python 3" #</Process><Process ToolSource="c:\program files\arcgis\pro\Resources\ArcToolbox\toolboxes\Data Management Tools.tbx\DeleteField" Date="20210120" Time="171127">DeleteField Stream_Benefits Test</Process><Process ToolSource="c:\program files\arcgis\pro\Resources\ArcToolbox\toolboxes\Data Management Tools.tbx\DeleteField" Date="20210120" Time="171148">DeleteField Stream_Benefits FB_PER_WTP</Process><Process ToolSource="c:\program files\arcgis\pro\Resources\ArcToolbox\toolboxes\Data Management Tools.tbx\UpdateSchema" Date="20210120" Time="171223">UpdateSchema "CIMDATA=&lt;CIMStandardDataConnection xsi:type='typens:CIMStandardDataConnection' xmlns:xsi='http://www.w3.org/2001/XMLSchema-instance' xmlns:xs='http://www.w3.org/2001/XMLSchema' xmlns:typens='http://www.esri.com/schemas/ArcGIS/2.3.0'&gt;&lt;WorkspaceConnectionString&gt;DATABASE=C:\Users\ruoyu\Box\Baltimore_WTP\Stream_Level_Result&lt;/WorkspaceConnectionString&gt;&lt;WorkspaceFactory&gt;Shapefile&lt;/WorkspaceFactory&gt;&lt;Dataset&gt;Stream_Benefits.shp&lt;/Dataset&gt;&lt;DatasetType&gt;esriDTFeatureClass&lt;/DatasetType&gt;&lt;/CIMStandardDataConnection&gt;" &lt;operationSequence&gt;&lt;workflow&gt;&lt;AddField&gt;&lt;field_name&gt;O_NO3_WTP&lt;/field_name&gt;&lt;field_type&gt;DOUBLE&lt;/field_type&gt;&lt;field_is_nullable&gt;False&lt;/field_is_nullable&gt;&lt;field_is_required&gt;False&lt;/field_is_required&gt;&lt;/AddField&gt;&lt;/workflow&gt;&lt;/operationSequence&gt;</Process><Process ToolSource="c:\program files\arcgis\pro\Resources\ArcToolbox\toolboxes\Data Management Tools.tbx\CalculateField" Date="20210120" Time="171335">CalculateField Stream_Benefits O_NO3_WTP "!Public_!*!OpenRest! * !perlbN_pub! + (1-!Public_!) * !OpenRest! * !perlbN_pri!" "Python 3" #</Process><Process ToolSource="c:\program files\arcgis\pro\Resources\ArcToolbox\toolboxes\Data Management Tools.tbx\CalculateField" Date="20210120" Time="171428">CalculateField Stream_Benefits FB_WTPopen "!FB_WTP! + !O_NO3_WTP!" "Python 3" #</Process><Process ToolSource="c:\program files\arcgis\pro\Resources\ArcToolbox\toolboxes\Data Management Tools.tbx\CopyFeatures" Date="20210121" Time="104105">CopyFeatures Stream_Benefits C:\Users\ruoyu\Box\Baltimore_WTP\Stream_Level_Result\Stream_Benefits_NoPipe.shp # # # #</Process><Process ToolSource="c:\program files\arcgis\pro\Resources\ArcToolbox\toolboxes\Data Management Tools.tbx\CopyFeatures" Date="20210121" Time="191631">CopyFeatures Stream_Benefits_NoPipe C:\Users\ruoyu\Box\Baltimore_WTP\Stream_Level_Result\Stream_Benefits_NoPipe_new.shp # # # #</Process><Process ToolSource="c:\program files\arcgis\pro\Resources\ArcToolbox\Toolboxes\Data Management Tools.tbx\UpdateSchema" Date="20210126" Time="153957">UpdateSchema "CIMDATA=&lt;CIMStandardDataConnection xsi:type='typens:CIMStandardDataConnection' xmlns:xsi='http://www.w3.org/2001/XMLSchema-instance' xmlns:xs='http://www.w3.org/2001/XMLSchema' xmlns:typens='http://www.esri.com/schemas/ArcGIS/2.3.0'&gt;&lt;WorkspaceConnectionString&gt;DATABASE=C:\Users\ruoyu\Box\Baltimore_WTP\Stream_Level_Result&lt;/WorkspaceConnectionString&gt;&lt;WorkspaceFactory&gt;Shapefile&lt;/WorkspaceFactory&gt;&lt;Dataset&gt;Stream_Benefits_NoPipe_new.shp&lt;/Dataset&gt;&lt;DatasetType&gt;esriDTFeatureClass&lt;/DatasetType&gt;&lt;/CIMStandardDataConnection&gt;" &lt;operationSequence&gt;&lt;workflow&gt;&lt;AddField&gt;&lt;field_name&gt;WTP_FB_O&lt;/field_name&gt;&lt;field_type&gt;DOUBLE&lt;/field_type&gt;&lt;field_is_nullable&gt;False&lt;/field_is_nullable&gt;&lt;field_is_required&gt;False&lt;/field_is_required&gt;&lt;/AddField&gt;&lt;/workflow&gt;&lt;/operationSequence&gt;</Process><Process ToolSource="c:\program files\arcgis\pro\Resources\ArcToolbox\toolboxes\Data Management Tools.tbx\CalculateField" Date="20210126" Time="154218">CalculateField Stream_Benefits_NoPipe_new WTP_FB_O "!FB_WTP! + !O_NO3_WTP!" "Python 3" #</Process><Process ToolSource="c:\program files\arcgis\pro\Resources\ArcToolbox\toolboxes\Data Management Tools.tbx\UpdateSchema" Date="20210601" Time="103420">UpdateSchema "CIMDATA=&lt;CIMStandardDataConnection xsi:type='typens:CIMStandardDataConnection' xmlns:xsi='http://www.w3.org/2001/XMLSchema-instance' xmlns:xs='http://www.w3.org/2001/XMLSchema' xmlns:typens='http://www.esri.com/schemas/ArcGIS/2.3.0'&gt;&lt;WorkspaceConnectionString&gt;DATABASE=C:\Users\ruoyu\Box\Baltimore_WTP\Stream_Level_Result&lt;/WorkspaceConnectionString&gt;&lt;WorkspaceFactory&gt;Shapefile&lt;/WorkspaceFactory&gt;&lt;Dataset&gt;Stream_Benefits_NoPipe_new.shp&lt;/Dataset&gt;&lt;DatasetType&gt;esriDTFeatureClass&lt;/DatasetType&gt;&lt;/CIMStandardDataConnection&gt;" &lt;operationSequence&gt;&lt;workflow&gt;&lt;AddField&gt;&lt;field_name&gt;Class_Grp&lt;/field_name&gt;&lt;field_type&gt;LONG&lt;/field_type&gt;&lt;field_is_nullable&gt;False&lt;/field_is_nullable&gt;&lt;field_is_required&gt;False&lt;/field_is_required&gt;&lt;/AddField&gt;&lt;/workflow&gt;&lt;/operationSequence&gt;</Process><Process ToolSource="c:\program files\arcgis\pro\Resources\ArcToolbox\toolboxes\Data Management Tools.tbx\UpdateSchema" Date="20210630" Time="093204">UpdateSchema "CIMDATA=&lt;CIMStandardDataConnection xsi:type='typens:CIMStandardDataConnection' xmlns:xsi='http://www.w3.org/2001/XMLSchema-instance' xmlns:xs='http://www.w3.org/2001/XMLSchema' xmlns:typens='http://www.esri.com/schemas/ArcGIS/2.8.0'&gt;&lt;WorkspaceConnectionString&gt;DATABASE=C:\Users\ruoyu\Box\Baltimore_WTP\Stream_Level_Result&lt;/WorkspaceConnectionString&gt;&lt;WorkspaceFactory&gt;Shapefile&lt;/WorkspaceFactory&gt;&lt;Dataset&gt;Stream_Benefits_NoPipe_new.shp&lt;/Dataset&gt;&lt;DatasetType&gt;esriDTFeatureClass&lt;/DatasetType&gt;&lt;/CIMStandardDataConnection&gt;" &lt;operationSequence&gt;&lt;workflow&gt;&lt;AddField&gt;&lt;field_name&gt;O_N_WTPnew&lt;/field_name&gt;&lt;field_type&gt;DOUBLE&lt;/field_type&gt;&lt;field_is_nullable&gt;False&lt;/field_is_nullable&gt;&lt;field_is_required&gt;False&lt;/field_is_required&gt;&lt;/AddField&gt;&lt;/workflow&gt;&lt;/operationSequence&gt;</Process><Process ToolSource="c:\program files\arcgis\pro\Resources\ArcToolbox\toolboxes\Data Management Tools.tbx\CalculateField" Date="20210630" Time="093354">CalculateField "Stream Network" O_N_WTPnew "((1-!Public_!)* !perlbN_pri! *!OpenRest! * 0.00220462 + !Public_!* !perlbN_pub! *!OpenRest! * 0.00220462) * !Seg_Len!" "Python 3" # Text NO_ENFORCE_DOMAINS</Process><Process ToolSource="c:\program files\arcgis\pro\Resources\ArcToolbox\toolboxes\Data Management Tools.tbx\DeleteField" Date="20210630" Time="093511">DeleteField "Stream Network" NOminusFB</Process><Process ToolSource="c:\program files\arcgis\pro\Resources\ArcToolbox\toolboxes\Data Management Tools.tbx\UpdateSchema" Date="20210630" Time="094213">UpdateSchema "CIMDATA=&lt;CIMStandardDataConnection xsi:type='typens:CIMStandardDataConnection' xmlns:xsi='http://www.w3.org/2001/XMLSchema-instance' xmlns:xs='http://www.w3.org/2001/XMLSchema' xmlns:typens='http://www.esri.com/schemas/ArcGIS/2.8.0'&gt;&lt;WorkspaceConnectionString&gt;DATABASE=C:\Users\ruoyu\Box\Baltimore_WTP\Stream_Level_Result&lt;/WorkspaceConnectionString&gt;&lt;WorkspaceFactory&gt;Shapefile&lt;/WorkspaceFactory&gt;&lt;Dataset&gt;Stream_Benefits_NoPipe_new.shp&lt;/Dataset&gt;&lt;DatasetType&gt;esriDTFeatureClass&lt;/DatasetType&gt;&lt;/CIMStandardDataConnection&gt;" &lt;operationSequence&gt;&lt;workflow&gt;&lt;AddField&gt;&lt;field_name&gt;WTP_FB_O1&lt;/field_name&gt;&lt;field_type&gt;DOUBLE&lt;/field_type&gt;&lt;field_is_nullable&gt;False&lt;/field_is_nullable&gt;&lt;field_is_required&gt;False&lt;/field_is_required&gt;&lt;/AddField&gt;&lt;/workflow&gt;&lt;/operationSequence&gt;</Process><Process ToolSource="c:\program files\arcgis\pro\Resources\ArcToolbox\toolboxes\Data Management Tools.tbx\CalculateField" Date="20210630" Time="094253">CalculateField "Stream Network" WTP_FB_O1 "!O_N_WTPnew! + !FB_WTP!" "Python 3" # Text NO_ENFORCE_DOMAINS</Process><Process ToolSource="c:\program files\arcgis\pro\Resources\ArcToolbox\toolboxes\Data Management Tools.tbx\CalculateField" Date="20210706" Time="101722">CalculateField "Stream Network" WTP_FB_O1 "!CloseRest!*0.00220462*(!Public_!*!perlbN_pub! + (1-!Public_!)*!perlbN_pri!) * !Seg_Len!" "Python 3" # Text NO_ENFORCE_DOMAINS</Process><Process ToolSource="c:\program files\arcgis\pro\Resources\ArcToolbox\toolboxes\Data Management Tools.tbx\CalculateField" Date="20210706" Time="101815">CalculateField "Stream Network" WTP_FB_O1 "!CloseRest!*0.00220462*(!Public_!*!perlbN_pub! + (1-!Public_!)*!perlbN_pri!) * !Seg_Len! + !FB_WTP!" "Python 3" # Text NO_ENFORCE_DOMAINS</Process><Process ToolSource="c:\program files\arcgis\pro\Resources\ArcToolbox\toolboxes\Data Management Tools.tbx\UpdateSchema" Date="20210706" Time="101930">UpdateSchema "CIMDATA=&lt;CIMStandardDataConnection xsi:type='typens:CIMStandardDataConnection' xmlns:xsi='http://www.w3.org/2001/XMLSchema-instance' xmlns:xs='http://www.w3.org/2001/XMLSchema' xmlns:typens='http://www.esri.com/schemas/ArcGIS/2.8.0'&gt;&lt;WorkspaceConnectionString&gt;DATABASE=C:\Users\ruoyu\Box\Baltimore_WTP\Stream_Level_Result&lt;/WorkspaceConnectionString&gt;&lt;WorkspaceFactory&gt;Shapefile&lt;/WorkspaceFactory&gt;&lt;Dataset&gt;Stream_Benefits_NoPipe_new.shp&lt;/Dataset&gt;&lt;DatasetType&gt;esriDTFeatureClass&lt;/DatasetType&gt;&lt;/CIMStandardDataConnection&gt;" &lt;operationSequence&gt;&lt;workflow&gt;&lt;AddField&gt;&lt;field_name&gt;C_N_WTPnew&lt;/field_name&gt;&lt;field_type&gt;DOUBLE&lt;/field_type&gt;&lt;field_is_nullable&gt;False&lt;/field_is_nullable&gt;&lt;field_is_required&gt;False&lt;/field_is_required&gt;&lt;/AddField&gt;&lt;/workflow&gt;&lt;workflow&gt;&lt;AddField&gt;&lt;field_name&gt;WTP_GB_O&lt;/field_name&gt;&lt;field_type&gt;DOUBLE&lt;/field_type&gt;&lt;field_is_nullable&gt;False&lt;/field_is_nullable&gt;&lt;field_is_required&gt;False&lt;/field_is_required&gt;&lt;/AddField&gt;&lt;/workflow&gt;&lt;/operationSequence&gt;</Process><Process ToolSource="c:\program files\arcgis\pro\Resources\ArcToolbox\toolboxes\Data Management Tools.tbx\CalculateField" Date="20210706" Time="102008">CalculateField "Stream Network" C_N_WTPnew "!CloseRest!*0.00220462*(!Public_!*!perlbN_pub! + (1-!Public_!)*!perlbN_pri!) * !Seg_Len!" "Python 3" # Text NO_ENFORCE_DOMAINS</Process><Process ToolSource="c:\program files\arcgis\pro\Resources\ArcToolbox\toolboxes\Data Management Tools.tbx\CalculateField" Date="20210706" Time="102037">CalculateField "Stream Network" WTP_FB_O1 "!C_N_WTPnew! + !FB_WTP!" "Python 3" # Text NO_ENFORCE_DOMAINS</Process><Process ToolSource="c:\program files\arcgis\pro\Resources\ArcToolbox\toolboxes\Data Management Tools.tbx\CalculateField" Date="20210706" Time="102102">CalculateField "Stream Network" O_N_WTPnew "!OpenRest!*0.00220462*(!Public_!*!perlbN_pub! + (1-!Public_!)*!perlbN_pri!) * !Seg_Len!" "Python 3" # Text NO_ENFORCE_DOMAINS</Process><Process ToolSource="c:\program files\arcgis\pro\Resources\ArcToolbox\toolboxes\Data Management Tools.tbx\CalculateField" Date="20210706" Time="102133">CalculateField "Stream Network" WTP_GB_O "!MB_WTP! + !O_N_WTPnew!" "Python 3" # Text NO_ENFORCE_DOMAINS</Process><Process ToolSource="c:\program files\arcgis\pro\Resources\ArcToolbox\toolboxes\Data Management Tools.tbx\UpdateSchema" Date="20210712" Time="153958">UpdateSchema "CIMDATA=&lt;CIMStandardDataConnection xsi:type='typens:CIMStandardDataConnection' xmlns:xsi='http://www.w3.org/2001/XMLSchema-instance' xmlns:xs='http://www.w3.org/2001/XMLSchema' xmlns:typens='http://www.esri.com/schemas/ArcGIS/2.8.0'&gt;&lt;WorkspaceConnectionString&gt;DATABASE=C:\Users\ruoyu\Box\Baltimore_WTP\Stream_Level_Result&lt;/WorkspaceConnectionString&gt;&lt;WorkspaceFactory&gt;Shapefile&lt;/WorkspaceFactory&gt;&lt;Dataset&gt;Stream_Benefits_NoPipe_new.shp&lt;/Dataset&gt;&lt;DatasetType&gt;esriDTFeatureClass&lt;/DatasetType&gt;&lt;/CIMStandardDataConnection&gt;" &lt;operationSequence&gt;&lt;workflow&gt;&lt;AddField&gt;&lt;field_name&gt;Distance&lt;/field_name&gt;&lt;field_type&gt;LONG&lt;/field_type&gt;&lt;field_is_nullable&gt;False&lt;/field_is_nullable&gt;&lt;field_is_required&gt;False&lt;/field_is_required&gt;&lt;/AddField&gt;&lt;/workflow&gt;&lt;/operationSequence&gt;</Process><Process ToolSource="c:\program files\arcgis\pro\Resources\ArcToolbox\toolboxes\Data Management Tools.tbx\UpdateSchema" Date="20210712" Time="154031">UpdateSchema "CIMDATA=&lt;CIMStandardDataConnection xsi:type='typens:CIMStandardDataConnection' xmlns:xsi='http://www.w3.org/2001/XMLSchema-instance' xmlns:xs='http://www.w3.org/2001/XMLSchema' xmlns:typens='http://www.esri.com/schemas/ArcGIS/2.8.0'&gt;&lt;WorkspaceConnectionString&gt;DATABASE=C:\Users\ruoyu\Box\Baltimore_WTP\Stream_Level_Result&lt;/WorkspaceConnectionString&gt;&lt;WorkspaceFactory&gt;Shapefile&lt;/WorkspaceFactory&gt;&lt;Dataset&gt;Stream_Benefits_NoPipe_new.shp&lt;/Dataset&gt;&lt;DatasetType&gt;esriDTFeatureClass&lt;/DatasetType&gt;&lt;/CIMStandardDataConnection&gt;" &lt;operationSequence&gt;&lt;workflow&gt;&lt;DeleteField&gt;&lt;field_name&gt;Distance&lt;/field_name&gt;&lt;/DeleteField&gt;&lt;/workflow&gt;&lt;workflow&gt;&lt;AddField&gt;&lt;field_name&gt;Distance&lt;/field_name&gt;&lt;field_type&gt;DOUBLE&lt;/field_type&gt;&lt;field_is_nullable&gt;False&lt;/field_is_nullable&gt;&lt;field_is_required&gt;False&lt;/field_is_required&gt;&lt;/AddField&gt;&lt;/workflow&gt;&lt;/operationSequence&gt;</Process><Process ToolSource="c:\program files\arcgis\pro\Resources\ArcToolbox\toolboxes\Data Management Tools.tbx\DeleteField" Date="20210712" Time="154119">DeleteField "Stream Network" Distance</Process><Process ToolSource="c:\program files\arcgis\pro\Resources\ArcToolbox\toolboxes\Analysis Tools.tbx\SpatialJoin" Date="20210712" Time="154222">SpatialJoin "Stream Network" Downtown C:\Users\ruoyu\Documents\ArcGIS\Projects\BaltimoreWTP\BaltimoreWTP.gdb\StreamNetwork_SpatialJoin "Join one to one" KEEP_ALL "OBJECTID "OBJECTID" true true false 10 Long 0 10,First,#,Stream Network,OBJECTID,-1,-1;LENGTH "LENGTH" true true false 19 Double 0 0,First,#,Stream Network,LENGTH,-1,-1;Seg_Len "Seg_Len" true true false 13 Float 0 0,First,#,Stream Network,Seg_Len,-1,-1;HYDROID "HYDROID" true true false 13 Float 0 0,First,#,Stream Network,HYDROID,-1,-1;Area "Area" true true false 10 Long 0 10,First,#,Stream Network,Area,-1,-1;Impervious "Impervious" true true false 19 Double 0 0,First,#,Stream Network,Impervious,-1,-1;Len_Ft "Len_Ft" true true false 13 Float 0 0,First,#,Stream Network,Len_Ft,-1,-1;CostEstima "CostEstima" true true false 19 Double 0 0,First,#,Stream Network,CostEstima,-1,-1;Area_mi "Area_mi" true true false 13 Float 0 0,First,#,Stream Network,Area_mi,-1,-1;Watershed "Watershed" true true false 10 Text 0 0,First,#,Stream Network,Watershed,0,10;CostEsti_2 "CostEsti_2" true true false 19 Double 0 0,First,#,Stream Network,CostEsti_2,-1,-1;Public_ "Public_" true true false 19 Double 0 0,First,#,Stream Network,Public_,-1,-1;NewCost "NewCost" true true false 19 Double 0 0,First,#,Stream Network,NewCost,-1,-1;Shape_Leng "Shape_Leng" true true false 19 Double 0 0,First,#,Stream Network,Shape_Leng,-1,-1;StreamID "StreamID" true true false 5 Long 0 5,First,#,Stream Network,StreamID,-1,-1;FB_priv "FB_priv" true true false 19 Double 0 0,First,#,Stream Network,FB_priv,-1,-1;FB_pub "FB_pub" true true false 19 Double 0 0,First,#,Stream Network,FB_pub,-1,-1;FW_priv "FW_priv" true true false 19 Double 0 0,First,#,Stream Network,FW_priv,-1,-1;FW_pub "FW_pub" true true false 19 Double 0 0,First,#,Stream Network,FW_pub,-1,-1;FN_priv "FN_priv" true true false 19 Double 0 0,First,#,Stream Network,FN_priv,-1,-1;FN_pub "FN_pub" true true false 19 Double 0 0,First,#,Stream Network,FN_pub,-1,-1;MB_priv "MB_priv" true true false 19 Double 0 0,First,#,Stream Network,MB_priv,-1,-1;MB_pub "MB_pub" true true false 19 Double 0 0,First,#,Stream Network,MB_pub,-1,-1;MW_priv "MW_priv" true true false 19 Double 0 0,First,#,Stream Network,MW_priv,-1,-1;MW_pub "MW_pub" true true false 19 Double 0 0,First,#,Stream Network,MW_pub,-1,-1;MN_priv "MN_priv" true true false 19 Double 0 0,First,#,Stream Network,MN_priv,-1,-1;MN_pub "MN_pub" true true false 19 Double 0 0,First,#,Stream Network,MN_pub,-1,-1;XB_priv "XB_priv" true true false 19 Double 0 0,First,#,Stream Network,XB_priv,-1,-1;XB_pub "XB_pub" true true false 19 Double 0 0,First,#,Stream Network,XB_pub,-1,-1;XW_priv "XW_priv" true true false 19 Double 0 0,First,#,Stream Network,XW_priv,-1,-1;XW_pub "XW_pub" true true false 19 Double 0 0,First,#,Stream Network,XW_pub,-1,-1;perlbN_pri "perlbN_pri" true true false 19 Double 0 0,First,#,Stream Network,perlbN_pri,-1,-1;perlbN_pub "perlbN_pub" true true false 19 Double 0 0,First,#,Stream Network,perlbN_pub,-1,-1;Households "Households" true true false 10 Long 0 10,First,#,Stream Network,Households,-1,-1;FB_WTP "FB_WTP" true true false 19 Double 0 0,First,#,Stream Network,FB_WTP,-1,-1;FW_WTP "FW_WTP" true true false 19 Double 0 0,First,#,Stream Network,FW_WTP,-1,-1;FN_WTP "FN_WTP" true true false 19 Double 0 0,First,#,Stream Network,FN_WTP,-1,-1;MB_WTP "MB_WTP" true true false 19 Double 0 0,First,#,Stream Network,MB_WTP,-1,-1;MW_WTP "MW_WTP" true true false 19 Double 0 0,First,#,Stream Network,MW_WTP,-1,-1;MN_WTP "MN_WTP" true true false 19 Double 0 0,First,#,Stream Network,MN_WTP,-1,-1;XB_WTP "XB_WTP" true true false 19 Double 0 0,First,#,Stream Network,XB_WTP,-1,-1;XW_WTP "XW_WTP" true true false 19 Double 0 0,First,#,Stream Network,XW_WTP,-1,-1;F75 "F75" true true false 13 Float 0 0,First,#,Stream Network,F75,-1,-1;OpenRest "OpenRest" true true false 19 Double 0 0,First,#,Stream Network,OpenRest,-1,-1;CloseRest "CloseRest" true true false 19 Double 0 0,First,#,Stream Network,CloseRest,-1,-1;FB_WTPopen "FB_WTPopen" true true false 19 Double 0 0,First,#,Stream Network,FB_WTPopen,-1,-1;FB_WTPclos "FB_WTPclos" true true false 19 Double 0 0,First,#,Stream Network,FB_WTPclos,-1,-1;FB_WTP_no3 "FB_WTP_no3" true true false 19 Double 0 0,First,#,Stream Network,FB_WTP_no3,-1,-1;Population "Population" true true false 19 Double 0 0,First,#,Stream Network,Population,-1,-1;Mean_Media "Mean_Media" true true false 19 Double 0 0,First,#,Stream Network,Mean_Media,-1,-1;O_NO3_WTP "O_NO3_WTP" true true false 19 Double 0 0,First,#,Stream Network,O_NO3_WTP,-1,-1;WTP_FB_O "WTP_FB_O" true true false 19 Double 0 0,First,#,Stream Network,WTP_FB_O,-1,-1;Class_Grp "Class_Grp" true true false 10 Long 0 10,First,#,Stream Network,Class_Grp,-1,-1;O_N_WTPnew "O_N_WTPnew" true true false 19 Double 0 0,First,#,Stream Network,O_N_WTPnew,-1,-1;WTP_FB_O1 "WTP FB+Close new" true true false 19 Double 0 0,First,#,Stream Network,WTP_FB_O1,-1,-1;C_N_WTPnew "C_N_WTPnew" true true false 19 Double 0 0,First,#,Stream Network,C_N_WTPnew,-1,-1;WTP_GB_O "WTP GB+Open new" true true false 19 Double 0 0,First,#,Stream Network,WTP_GB_O,-1,-1" Closest # Distance</Process><Process ToolSource="c:\program files\arcgis\pro\Resources\ArcToolbox\toolboxes\Data Management Tools.tbx\UpdateSchema" Date="20210713" Time="161445">UpdateSchema "CIMDATA=&lt;CIMStandardDataConnection xsi:type='typens:CIMStandardDataConnection' xmlns:xsi='http://www.w3.org/2001/XMLSchema-instance' xmlns:xs='http://www.w3.org/2001/XMLSchema' xmlns:typens='http://www.esri.com/schemas/ArcGIS/2.8.0'&gt;&lt;WorkspaceConnectionString&gt;DATABASE=C:\Users\ruoyu\Documents\ArcGIS\Projects\BaltimoreWTP\BaltimoreWTP.gdb&lt;/WorkspaceConnectionString&gt;&lt;WorkspaceFactory&gt;FileGDB&lt;/WorkspaceFactory&gt;&lt;Dataset&gt;StreamNetwork_SpatialJoin&lt;/Dataset&gt;&lt;DatasetType&gt;esriDTFeatureClass&lt;/DatasetType&gt;&lt;/CIMStandardDataConnection&gt;" &lt;operationSequence&gt;&lt;workflow&gt;&lt;AddField&gt;&lt;field_name&gt;FB_per&lt;/field_name&gt;&lt;field_type&gt;DOUBLE&lt;/field_type&gt;&lt;field_alias&gt;FB_per&lt;/field_alias&gt;&lt;field_is_nullable&gt;True&lt;/field_is_nullable&gt;&lt;field_is_required&gt;False&lt;/field_is_required&gt;&lt;/AddField&gt;&lt;/workflow&gt;&lt;workflow&gt;&lt;AddField&gt;&lt;field_name&gt;GB_per&lt;/field_name&gt;&lt;field_type&gt;DOUBLE&lt;/field_type&gt;&lt;field_alias&gt;GB_per&lt;/field_alias&gt;&lt;field_is_nullable&gt;True&lt;/field_is_nullable&gt;&lt;field_is_required&gt;False&lt;/field_is_required&gt;&lt;/AddField&gt;&lt;/workflow&gt;&lt;/operationSequence&gt;</Process><Process ToolSource="c:\program files\arcgis\pro\Resources\ArcToolbox\toolboxes\Data Management Tools.tbx\CalculateField" Date="20210713" Time="161523">CalculateField StreamNetwork_SpatialJoin FB_per !WTP_FB_O1!/!Households! "Python 3" # Text NO_ENFORCE_DOMAINS</Process><Process ToolSource="c:\program files\arcgis\pro\Resources\ArcToolbox\toolboxes\Data Management Tools.tbx\CalculateField" Date="20210713" Time="161547">CalculateField StreamNetwork_SpatialJoin FB_per !WTP_GB_O!/!Households! "Python 3" # Text NO_ENFORCE_DOMAINS</Process><Process ToolSource="c:\program files\arcgis\pro\Resources\ArcToolbox\toolboxes\Data Management Tools.tbx\CalculateField" Date="20210713" Time="161602">CalculateField StreamNetwork_SpatialJoin GB_per !WTP_GB_O!/!Households! "Python 3" # Text NO_ENFORCE_DOMAINS</Process><Process ToolSource="c:\program files\arcgis\pro\Resources\ArcToolbox\toolboxes\Data Management Tools.tbx\CalculateField" Date="20210713" Time="161627">CalculateField StreamNetwork_SpatialJoin FB_per !WTP_FB_O1!/!Households! "Python 3" # Text NO_ENFORCE_DOMAINS</Process><Process ToolSource="c:\program files\arcgis\pro\Resources\ArcToolbox\toolboxes\Data Management Tools.tbx\CalculateField" Date="20210713" Time="161644">CalculateField StreamNetwork_SpatialJoin GB_per !WTP_GB_O!/!Households! "Python 3" # Text NO_ENFORCE_DOMAINS</Process><Process ToolSource="c:\program files\arcgis\pro\Resources\ArcToolbox\toolboxes\Conversion Tools.tbx\FeatureClassToFeatureClass" Date="20210823" Time="101403">FeatureClassToFeatureClass StreamNetwork_SpatialJoin D:\Baltimore\Github_Data Stream_network_data.shp # "Join_Count "Join_Count" true true false 4 Long 0 0,First,#,StreamNetwork_SpatialJoin,Join_Count,-1,-1;Distance "Distance" true true false 8 Double 0 0,First,#,StreamNetwork_SpatialJoin,Distance,-1,-1;TARGET_FID "TARGET_FID" true true false 4 Long 0 0,First,#,StreamNetwork_SpatialJoin,TARGET_FID,-1,-1;OBJECTID "OBJECTID" true true false 4 Long 0 0,First,#,StreamNetwork_SpatialJoin,OBJECTID,-1,-1;LENGTH "LENGTH" true true false 8 Double 0 0,First,#,StreamNetwork_SpatialJoin,LENGTH,-1,-1;Seg_Len "Seg_Len" true true false 4 Float 0 0,First,#,StreamNetwork_SpatialJoin,Seg_Len,-1,-1;HYDROID "HYDROID" true true false 4 Float 0 0,First,#,StreamNetwork_SpatialJoin,HYDROID,-1,-1;Area "Area" true true false 4 Long 0 0,First,#,StreamNetwork_SpatialJoin,Area,-1,-1;Impervious "Impervious" true true false 8 Double 0 0,First,#,StreamNetwork_SpatialJoin,Impervious,-1,-1;Len_Ft "Len_Ft" true true false 4 Float 0 0,First,#,StreamNetwork_SpatialJoin,Len_Ft,-1,-1;CostEstima "CostEstima" true true false 8 Double 0 0,First,#,StreamNetwork_SpatialJoin,CostEstima,-1,-1;Area_mi "Area_mi" true true false 4 Float 0 0,First,#,StreamNetwork_SpatialJoin,Area_mi,-1,-1;Watershed "Watershed" true true false 10 Text 0 0,First,#,StreamNetwork_SpatialJoin,Watershed,0,10;CostEsti_2 "CostEsti_2" true true false 8 Double 0 0,First,#,StreamNetwork_SpatialJoin,CostEsti_2,-1,-1;Public_ "Public_" true true false 8 Double 0 0,First,#,StreamNetwork_SpatialJoin,Public_,-1,-1;NewCost "NewCost" true true false 8 Double 0 0,First,#,StreamNetwork_SpatialJoin,NewCost,-1,-1;Shape_Leng "Shape_Leng" true true false 8 Double 0 0,First,#,StreamNetwork_SpatialJoin,Shape_Leng,-1,-1;StreamID "StreamID" true true false 4 Long 0 0,First,#,StreamNetwork_SpatialJoin,StreamID,-1,-1;FB_priv "FB_priv" true true false 8 Double 0 0,First,#,StreamNetwork_SpatialJoin,FB_priv,-1,-1;FB_pub "FB_pub" true true false 8 Double 0 0,First,#,StreamNetwork_SpatialJoin,FB_pub,-1,-1;FW_priv "FW_priv" true true false 8 Double 0 0,First,#,StreamNetwork_SpatialJoin,FW_priv,-1,-1;FW_pub "FW_pub" true true false 8 Double 0 0,First,#,StreamNetwork_SpatialJoin,FW_pub,-1,-1;FN_priv "FN_priv" true true false 8 Double 0 0,First,#,StreamNetwork_SpatialJoin,FN_priv,-1,-1;FN_pub "FN_pub" true true false 8 Double 0 0,First,#,StreamNetwork_SpatialJoin,FN_pub,-1,-1;MB_priv "MB_priv" true true false 8 Double 0 0,First,#,StreamNetwork_SpatialJoin,MB_priv,-1,-1;MB_pub "MB_pub" true true false 8 Double 0 0,First,#,StreamNetwork_SpatialJoin,MB_pub,-1,-1;MW_priv "MW_priv" true true false 8 Double 0 0,First,#,StreamNetwork_SpatialJoin,MW_priv,-1,-1;MW_pub "MW_pub" true true false 8 Double 0 0,First,#,StreamNetwork_SpatialJoin,MW_pub,-1,-1;MN_priv "MN_priv" true true false 8 Double 0 0,First,#,StreamNetwork_SpatialJoin,MN_priv,-1,-1;MN_pub "MN_pub" true true false 8 Double 0 0,First,#,StreamNetwork_SpatialJoin,MN_pub,-1,-1;XB_priv "XB_priv" true true false 8 Double 0 0,First,#,StreamNetwork_SpatialJoin,XB_priv,-1,-1;XB_pub "XB_pub" true true false 8 Double 0 0,First,#,StreamNetwork_SpatialJoin,XB_pub,-1,-1;XW_priv "XW_priv" true true false 8 Double 0 0,First,#,StreamNetwork_SpatialJoin,XW_priv,-1,-1;XW_pub "XW_pub" true true false 8 Double 0 0,First,#,StreamNetwork_SpatialJoin,XW_pub,-1,-1;perlbN_pri "perlbN_pri" true true false 8 Double 0 0,First,#,StreamNetwork_SpatialJoin,perlbN_pri,-1,-1;perlbN_pub "perlbN_pub" true true false 8 Double 0 0,First,#,StreamNetwork_SpatialJoin,perlbN_pub,-1,-1;Households "Households" true true false 4 Long 0 0,First,#,StreamNetwork_SpatialJoin,Households,-1,-1;FB_WTP "FB_WTP" true true false 8 Double 0 0,First,#,StreamNetwork_SpatialJoin,FB_WTP,-1,-1;FW_WTP "FW_WTP" true true false 8 Double 0 0,First,#,StreamNetwork_SpatialJoin,FW_WTP,-1,-1;FN_WTP "FN_WTP" true true false 8 Double 0 0,First,#,StreamNetwork_SpatialJoin,FN_WTP,-1,-1;MB_WTP "MB_WTP" true true false 8 Double 0 0,First,#,StreamNetwork_SpatialJoin,MB_WTP,-1,-1;MW_WTP "MW_WTP" true true false 8 Double 0 0,First,#,StreamNetwork_SpatialJoin,MW_WTP,-1,-1;MN_WTP "MN_WTP" true true false 8 Double 0 0,First,#,StreamNetwork_SpatialJoin,MN_WTP,-1,-1;XB_WTP "XB_WTP" true true false 8 Double 0 0,First,#,StreamNetwork_SpatialJoin,XB_WTP,-1,-1;XW_WTP "XW_WTP" true true false 8 Double 0 0,First,#,StreamNetwork_SpatialJoin,XW_WTP,-1,-1;F75 "F75" true true false 4 Float 0 0,First,#,StreamNetwork_SpatialJoin,F75,-1,-1;OpenRest "OpenRest" true true false 8 Double 0 0,First,#,StreamNetwork_SpatialJoin,OpenRest,-1,-1;CloseRest "CloseRest" true true false 8 Double 0 0,First,#,StreamNetwork_SpatialJoin,CloseRest,-1,-1;FB_WTPopen "FB_WTPopen" true true false 8 Double 0 0,First,#,StreamNetwork_SpatialJoin,FB_WTPopen,-1,-1;FB_WTPclos "FB_WTPclos" true true false 8 Double 0 0,First,#,StreamNetwork_SpatialJoin,FB_WTPclos,-1,-1;FB_WTP_no3 "FB_WTP_no3" true true false 8 Double 0 0,First,#,StreamNetwork_SpatialJoin,FB_WTP_no3,-1,-1;Population "Population" true true false 8 Double 0 0,First,#,StreamNetwork_SpatialJoin,Population,-1,-1;Mean_Media "Mean_Media" true true false 8 Double 0 0,First,#,StreamNetwork_SpatialJoin,Mean_Media,-1,-1;O_NO3_WTP "O_NO3_WTP" true true false 8 Double 0 0,First,#,StreamNetwork_SpatialJoin,O_NO3_WTP,-1,-1;WTP_FB_O "WTP_FB_O" true true false 8 Double 0 0,First,#,StreamNetwork_SpatialJoin,WTP_FB_O,-1,-1;Class_Grp "Class_Grp" true true false 4 Long 0 0,First,#,StreamNetwork_SpatialJoin,Class_Grp,-1,-1;O_N_WTPnew "O_N_WTPnew" true true false 8 Double 0 0,First,#,StreamNetwork_SpatialJoin,O_N_WTPnew,-1,-1;WTP_FB_O1 "WTP FB+Close new" true true false 8 Double 0 0,First,#,StreamNetwork_SpatialJoin,WTP_FB_O1,-1,-1;C_N_WTPnew "C_N_WTPnew" true true false 8 Double 0 0,First,#,StreamNetwork_SpatialJoin,C_N_WTPnew,-1,-1;WTP_GB_O "WTP GB+Open new" true true false 8 Double 0 0,First,#,StreamNetwork_SpatialJoin,WTP_GB_O,-1,-1;Shape_Length "Shape_Length" false true true 8 Double 0 0,First,#,StreamNetwork_SpatialJoin,Shape_Length,-1,-1;FB_per "FB_per" true true false 8 Double 0 0,First,#,StreamNetwork_SpatialJoin,FB_per,-1,-1;GB_per "GB_per" true true false 8 Double 0 0,First,#,StreamNetwork_SpatialJoin,GB_per,-1,-1" #</Process><Process ToolSource="c:\program files\arcgis\pro\Resources\ArcToolbox\toolboxes\Data Management Tools.tbx\DeleteField" Date="20210823" Time="101421">DeleteField Stream_network_data Join_Count</Process><Process ToolSource="c:\program files\arcgis\pro\Resources\ArcToolbox\toolboxes\Data Management Tools.tbx\DeleteField" Date="20210823" Time="101427">DeleteField Stream_network_data Distance</Process><Process ToolSource="c:\program files\arcgis\pro\Resources\ArcToolbox\toolboxes\Data Management Tools.tbx\DeleteField" Date="20210823" Time="101432">DeleteField Stream_network_data TARGET_FID</Process><Process ToolSource="c:\program files\arcgis\pro\Resources\ArcToolbox\toolboxes\Data Management Tools.tbx\DeleteField" Date="20210823" Time="101445">DeleteField Stream_network_data HYDROID</Process><Process ToolSource="c:\program files\arcgis\pro\Resources\ArcToolbox\toolboxes\Data Management Tools.tbx\DeleteField" Date="20210823" Time="101634">DeleteField Stream_network_data Class_Grp</Process><Process ToolSource="c:\program files\arcgis\pro\Resources\ArcToolbox\toolboxes\Data Management Tools.tbx\DeleteField" Date="20210823" Time="101648">DeleteField Stream_network_data WTP_FB_O</Process><Process ToolSource="c:\program files\arcgis\pro\Resources\ArcToolbox\toolboxes\Data Management Tools.tbx\DeleteField" Date="20210823" Time="101656">DeleteField Stream_network_data Shape_Le_1</Process><Process ToolSource="c:\program files\arcgis\pro\Resources\ArcToolbox\toolboxes\Data Management Tools.tbx\DeleteField" Date="20210823" Time="101712">DeleteField Stream_network_data FB_WTP_no3</Process><Process ToolSource="c:\program files\arcgis\pro\Resources\ArcToolbox\toolboxes\Data Management Tools.tbx\DeleteField" Date="20210823" Time="101717">DeleteField Stream_network_data FB_WTPclos</Process><Process ToolSource="c:\program files\arcgis\pro\Resources\ArcToolbox\toolboxes\Data Management Tools.tbx\DeleteField" Date="20210823" Time="101722">DeleteField Stream_network_data FB_WTPopen</Process><Process ToolSource="c:\program files\arcgis\pro\Resources\ArcToolbox\toolboxes\Data Management Tools.tbx\UpdateSchema" Date="20210823" Time="102006">UpdateSchema "CIMDATA=&lt;CIMStandardDataConnection xsi:type='typens:CIMStandardDataConnection' xmlns:xsi='http://www.w3.org/2001/XMLSchema-instance' xmlns:xs='http://www.w3.org/2001/XMLSchema' xmlns:typens='http://www.esri.com/schemas/ArcGIS/2.8.0'&gt;&lt;WorkspaceConnectionString&gt;DATABASE=D:\Baltimore\Github_Data&lt;/WorkspaceConnectionString&gt;&lt;WorkspaceFactory&gt;Shapefile&lt;/WorkspaceFactory&gt;&lt;Dataset&gt;Stream_network_data&lt;/Dataset&gt;&lt;DatasetType&gt;esriDTFeatureClass&lt;/DatasetType&gt;&lt;/CIMStandardDataConnection&gt;" &lt;operationSequence&gt;&lt;workflow&gt;&lt;DeleteField&gt;&lt;field_name&gt;O_NO3_WTP&lt;/field_name&gt;&lt;/DeleteField&gt;&lt;/workflow&gt;&lt;/operationSequence&gt;</Process><Process ToolSource="c:\program files\arcgis\pro\Resources\ArcToolbox\toolboxes\Data Management Tools.tbx\UpdateSchema" Date="20210823" Time="102322">UpdateSchema "CIMDATA=&lt;CIMStandardDataConnection xsi:type='typens:CIMStandardDataConnection' xmlns:xsi='http://www.w3.org/2001/XMLSchema-instance' xmlns:xs='http://www.w3.org/2001/XMLSchema' xmlns:typens='http://www.esri.com/schemas/ArcGIS/2.8.0'&gt;&lt;WorkspaceConnectionString&gt;DATABASE=D:\Baltimore\Github_Data&lt;/WorkspaceConnectionString&gt;&lt;WorkspaceFactory&gt;Shapefile&lt;/WorkspaceFactory&gt;&lt;Dataset&gt;Stream_network_data&lt;/Dataset&gt;&lt;DatasetType&gt;esriDTFeatureClass&lt;/DatasetType&gt;&lt;/CIMStandardDataConnection&gt;" &lt;operationSequence&gt;&lt;workflow&gt;&lt;DeleteField&gt;&lt;field_name&gt;Len_Ft&lt;/field_name&gt;&lt;field_name&gt;CostEstima&lt;/field_name&gt;&lt;field_name&gt;Area_mi&lt;/field_name&gt;&lt;field_name&gt;CostEsti_2&lt;/field_name&gt;&lt;field_name&gt;NewCost&lt;/field_name&gt;&lt;field_name&gt;Shape_Leng&lt;/field_name&gt;&lt;field_name&gt;StreamID&lt;/field_name&gt;&lt;/DeleteField&gt;&lt;/workflow&gt;&lt;/operationSequence&gt;</Process><Process ToolSource="c:\program files\arcgis\pro\Resources\ArcToolbox\toolboxes\Data Management Tools.tbx\JoinField" Date="20210823" Time="102520">JoinField Stream_network_data FID stream_order_wtp strahler #</Process><Process ToolSource="c:\program files\arcgis\pro\Resources\ArcToolbox\toolboxes\Data Management Tools.tbx\JoinField" Date="20210823" Time="102624">JoinField Stream_network_data FID stream_order_wtp FID strahler</Process><Process ToolSource="c:\program files\arcgis\pro\Resources\ArcToolbox\toolboxes\Data Management Tools.tbx\UpdateSchema" Date="20210823" Time="102732">UpdateSchema "CIMDATA=&lt;CIMStandardDataConnection xsi:type='typens:CIMStandardDataConnection' xmlns:xsi='http://www.w3.org/2001/XMLSchema-instance' xmlns:xs='http://www.w3.org/2001/XMLSchema' xmlns:typens='http://www.esri.com/schemas/ArcGIS/2.8.0'&gt;&lt;WorkspaceConnectionString&gt;DATABASE=D:\Baltimore\Github_Data&lt;/WorkspaceConnectionString&gt;&lt;WorkspaceFactory&gt;Shapefile&lt;/WorkspaceFactory&gt;&lt;Dataset&gt;Stream_network_data.shp&lt;/Dataset&gt;&lt;DatasetType&gt;esriDTFeatureClass&lt;/DatasetType&gt;&lt;/CIMStandardDataConnection&gt;" &lt;operationSequence&gt;&lt;workflow&gt;&lt;DeleteField&gt;&lt;field_name&gt;cat&lt;/field_name&gt;&lt;field_name&gt;outlet_cat&lt;/field_name&gt;&lt;field_name&gt;network&lt;/field_name&gt;&lt;field_name&gt;reversed&lt;/field_name&gt;&lt;field_name&gt;strahler&lt;/field_name&gt;&lt;field_name&gt;shreve&lt;/field_name&gt;&lt;field_name&gt;cat_1&lt;/field_name&gt;&lt;field_name&gt;Join_Count&lt;/field_name&gt;&lt;field_name&gt;Distance&lt;/field_name&gt;&lt;field_name&gt;TARGET_FID&lt;/field_name&gt;&lt;field_name&gt;OBJECTID_1&lt;/field_name&gt;&lt;field_name&gt;LENGTH_1&lt;/field_name&gt;&lt;field_name&gt;Seg_Len_1&lt;/field_name&gt;&lt;field_name&gt;HYDROID&lt;/field_name&gt;&lt;field_name&gt;Area_1&lt;/field_name&gt;&lt;field_name&gt;Impervio_1&lt;/field_name&gt;&lt;field_name&gt;Len_Ft&lt;/field_name&gt;&lt;field_name&gt;CostEstima&lt;/field_name&gt;&lt;field_name&gt;Area_mi&lt;/field_name&gt;&lt;field_name&gt;Watershe_1&lt;/field_name&gt;&lt;field_name&gt;CostEsti_2&lt;/field_name&gt;&lt;field_name&gt;Public1&lt;/field_name&gt;&lt;field_name&gt;NewCost&lt;/field_name&gt;&lt;field_name&gt;Shape_Leng&lt;/field_name&gt;&lt;field_name&gt;StreamID&lt;/field_name&gt;&lt;field_name&gt;FB_priv_1&lt;/field_name&gt;&lt;field_name&gt;FB_pub_1&lt;/field_name&gt;&lt;field_name&gt;FW_priv_1&lt;/field_name&gt;&lt;field_name&gt;FW_pub_1&lt;/field_name&gt;&lt;field_name&gt;FN_priv_1&lt;/field_name&gt;&lt;field_name&gt;FN_pub_1&lt;/field_name&gt;&lt;field_name&gt;MB_priv_1&lt;/field_name&gt;&lt;field_name&gt;MB_pub_1&lt;/field_name&gt;&lt;field_name&gt;MW_priv_1&lt;/field_name&gt;&lt;field_name&gt;MW_pub_1&lt;/field_name&gt;&lt;field_name&gt;MN_priv_1&lt;/field_name&gt;&lt;field_name&gt;MN_pub_1&lt;/field_name&gt;&lt;field_name&gt;XB_priv_1&lt;/field_name&gt;&lt;field_name&gt;XB_pub_1&lt;/field_name&gt;&lt;field_name&gt;XW_priv_1&lt;/field_name&gt;&lt;field_name&gt;XW_pub_1&lt;/field_name&gt;&lt;field_name&gt;perlbN_p_1&lt;/field_name&gt;&lt;field_name&gt;perlbN_p_2&lt;/field_name&gt;&lt;field_name&gt;Househol_1&lt;/field_name&gt;&lt;field_name&gt;FB_WTP_1&lt;/field_name&gt;&lt;field_name&gt;FW_WTP_1&lt;/field_name&gt;&lt;field_name&gt;FN_WTP_1&lt;/field_name&gt;&lt;field_name&gt;MB_WTP_1&lt;/field_name&gt;&lt;field_name&gt;MW_WTP_1&lt;/field_name&gt;&lt;field_name&gt;MN_WTP_1&lt;/field_name&gt;&lt;field_name&gt;XB_WTP_1&lt;/field_name&gt;&lt;field_name&gt;XW_WTP_1&lt;/field_name&gt;&lt;field_name&gt;F75_1&lt;/field_name&gt;&lt;field_name&gt;OpenRest_1&lt;/field_name&gt;&lt;field_name&gt;CloseRes_1&lt;/field_name&gt;&lt;field_name&gt;FB_WTPopen&lt;/field_name&gt;&lt;field_name&gt;FB_WTPclos&lt;/field_name&gt;&lt;field_name&gt;FB_WTP_no3&lt;/field_name&gt;&lt;field_name&gt;Populati_1&lt;/field_name&gt;&lt;field_name&gt;Mean_Med_1&lt;/field_name&gt;&lt;field_name&gt;O_NO3_WTP&lt;/field_name&gt;&lt;field_name&gt;WTP_FB_O&lt;/field_name&gt;&lt;field_name&gt;Class_Grp&lt;/field_name&gt;&lt;field_name&gt;O_N_WTPn_1&lt;/field_name&gt;&lt;field_name&gt;WTP_FB_O_1&lt;/field_name&gt;&lt;field_name&gt;C_N_WTPn_1&lt;/field_name&gt;&lt;field_name&gt;WTP_GB_O_1&lt;/field_name&gt;&lt;field_name&gt;Shape_Le_1&lt;/field_name&gt;&lt;field_name&gt;FB_per_1&lt;/field_name&gt;&lt;field_name&gt;GB_per_1&lt;/field_name&gt;&lt;/DeleteField&gt;&lt;/workflow&gt;&lt;/operationSequence&gt;</Process><Process ToolSource="c:\program files\arcgis\pro\Resources\ArcToolbox\toolboxes\Data Management Tools.tbx\DeleteField" Date="20210823" Time="102821">DeleteField Stream_network_data strahler_1</Process><Process ToolSource="c:\program files\arcgis\pro\Resources\ArcToolbox\toolboxes\Data Management Tools.tbx\UpdateSchema" Date="20210823" Time="102944">UpdateSchema "CIMDATA=&lt;CIMStandardDataConnection xsi:type='typens:CIMStandardDataConnection' xmlns:xsi='http://www.w3.org/2001/XMLSchema-instance' xmlns:xs='http://www.w3.org/2001/XMLSchema' xmlns:typens='http://www.esri.com/schemas/ArcGIS/2.8.0'&gt;&lt;WorkspaceConnectionString&gt;DATABASE=D:\Baltimore\Github_Data&lt;/WorkspaceConnectionString&gt;&lt;WorkspaceFactory&gt;Shapefile&lt;/WorkspaceFactory&gt;&lt;Dataset&gt;Stream_network_data.shp&lt;/Dataset&gt;&lt;DatasetType&gt;esriDTFeatureClass&lt;/DatasetType&gt;&lt;/CIMStandardDataConnection&gt;" &lt;operationSequence&gt;&lt;workflow&gt;&lt;AddField&gt;&lt;field_name&gt;StreamOrd&lt;/field_name&gt;&lt;field_type&gt;LONG&lt;/field_type&gt;&lt;field_is_nullable&gt;False&lt;/field_is_nullable&gt;&lt;field_is_required&gt;False&lt;/field_is_required&gt;&lt;/AddField&gt;&lt;/workflow&gt;&lt;/operationSequence&gt;</Process><Process ToolSource="c:\program files\arcgis\pro\Resources\ArcToolbox\toolboxes\Data Management Tools.tbx\JoinField" Date="20210823" Time="103136">JoinField Stream_network_data FID stream_order_wtp TARGET_FID strahler</Process><Process ToolSource="c:\program files\arcgis\pro\Resources\ArcToolbox\toolboxes\Data Management Tools.tbx\DeleteField" Date="20210823" Time="103204">DeleteField Stream_network_data StreamOrd</Process></lineage></DataProperties><SyncDate>20210823</SyncDate><SyncTime>10140200</SyncTime><ModDate>20210823</ModDate><ModTime>10140200</ModTime></Esri><dataIdInfo><envirDesc Sync="TRUE">Microsoft Windows 10 Version 10.0 (Build 19042) ; Esri ArcGIS 12.8.0.29751</envirDesc><dataLang><languageCode value="eng" Sync="TRUE"></languageCode><countryCode value="USA" Sync="TRUE"></countryCode></dataLang><idCitation><resTitle Sync="TRUE">Stream_network_data</resTitle><presForm><PresFormCd value="005" Sync="TRUE"></PresFormCd></presForm></idCitation><spatRpType><SpatRepTypCd value="001" Sync="TRUE"></SpatRepTypCd></spatRpType></dataIdInfo><mdLang><languageCode value="eng" Sync="TRUE"></languageCode><countryCode value="USA" Sync="TRUE"></countryCode></mdLang><mdChar><CharSetCd value="004" Sync="TRUE"></CharSetCd></mdChar><distInfo><distFormat><formatName Sync="TRUE">Shapefile</formatName></distFormat><distTranOps><transSize Sync="TRUE">0.000</transSize></distTranOps></distInfo><mdHrLv><ScopeCd value="005" Sync="TRUE"></ScopeCd></mdHrLv><mdHrLvName Sync="TRUE">dataset</mdHrLvName><refSysInfo><RefSystem><refSysID><identCode code="26918" Sync="TRUE"></identCode><idCodeSpace Sync="TRUE">EPSG</idCodeSpace><idVersion Sync="TRUE">6.11(3.0.1)</idVersion></refSysID></RefSystem></refSysInfo><spatRepInfo><VectSpatRep><geometObjs Name="Stream_network_data"><geoObjTyp><GeoObjTypCd value="002" Sync="TRUE"></GeoObjTypCd></geoObjTyp><geoObjCnt Sync="TRUE">0</geoObjCnt></geometObjs><topLvl><TopoLevCd value="001" Sync="TRUE"></TopoLevCd></topLvl></VectSpatRep></spatRepInfo><spdoinfo><ptvctinf><esriterm Name="Stream_network_data"><efeatyp Sync="TRUE">Simple</efeatyp><efeageom code="3" Sync="TRUE"></efeageom><esritopo Sync="TRUE">FALSE</esritopo><efeacnt Sync="TRUE">0</efeacnt><spindex Sync="TRUE">FALSE</spindex><linrefer Sync="TRUE">TRUE</linrefer></esriterm></ptvctinf></spdoinfo><eainfo><detailed Name="Stream_network_data"><enttyp><enttypl Sync="TRUE">Stream_network_data</enttypl><enttypt Sync="TRUE">Feature Class</enttypt><enttypc Sync="TRUE">0</enttypc></enttyp><attr><attrlabl Sync="TRUE">FID</attrlabl><attalias Sync="TRUE">FID</attalias><attrtype Sync="TRUE">OID</attrtype><attwidth Sync="TRUE">4</attwidth><atprecis Sync="TRUE">0</atprecis><attscale Sync="TRUE">0</attscale><attrdef Sync="TRUE">Internal feature number.</attrdef><attrdefs Sync="TRUE">Esri</attrdefs><attrdomv><udom Sync="TRUE">Sequential unique whole numbers that are automatically generated.</udom></attrdomv></attr><attr><attrlabl Sync="TRUE">OBJECTID</attrlabl><attalias Sync="TRUE">OBJECTID</attalias><attrtype Sync="TRUE">Integer</attrtype><attwidth Sync="TRUE">10</attwidth><atprecis Sync="TRUE">10</atprecis><attscale Sync="TRUE">0</attscale><attrdef Sync="TRUE">Internal feature number.</attrdef><attrdefs Sync="TRUE">Esri</attrdefs><attrdomv><udom Sync="TRUE">Sequential unique whole numbers that are automatically generated.</udom></attrdomv></attr><attr><attrlabl Sync="TRUE">Join_Count</attrlabl><attalias Sync="TRUE">Join_Count</attalias><attrtype Sync="TRUE">Integer</attrtype><attwidth Sync="TRUE">10</attwidth><atprecis Sync="TRUE">10</atprecis><attscale Sync="TRUE">0</attscale></attr><attr><attrlabl Sync="TRUE">Distance</attrlabl><attalias Sync="TRUE">Distance</attalias><attrtype Sync="TRUE">Double</attrtype><attwidth Sync="TRUE">19</attwidth><atprecis Sync="TRUE">0</atprecis><attscale Sync="TRUE">0</attscale></attr><attr><attrlabl Sync="TRUE">TARGET_FID</attrlabl><attalias Sync="TRUE">TARGET_FID</attalias><attrtype Sync="TRUE">Integer</attrtype><attwidth Sync="TRUE">10</attwidth><atprecis Sync="TRUE">10</atprecis><attscale Sync="TRUE">0</attscale></attr><attr><attrlabl Sync="TRUE">Shape</attrlabl><attalias Sync="TRUE">Shape</attalias><attrtype Sync="TRUE">Geometry</attrtype><attwidth Sync="TRUE">0</attwidth><atprecis Sync="TRUE">0</atprecis><attscale Sync="TRUE">0</attscale><attrdef Sync="TRUE">Feature geometry.</attrdef><attrdefs Sync="TRUE">Esri</attrdefs><attrdomv><udom Sync="TRUE">Coordinates defining the features.</udom></attrdomv></attr><attr><attrlabl Sync="TRUE">LENGTH</attrlabl><attalias Sync="TRUE">LENGTH</attalias><attrtype Sync="TRUE">Double</attrtype><attwidth Sync="TRUE">19</attwidth><atprecis Sync="TRUE">0</atprecis><attscale Sync="TRUE">0</attscale></attr><attr><attrlabl Sync="TRUE">Seg_Len</attrlabl><attalias Sync="TRUE">Seg_Len</attalias><attrtype Sync="TRUE">Single</attrtype><attwidth Sync="TRUE">13</attwidth><atprecis Sync="TRUE">0</atprecis><attscale Sync="TRUE">0</attscale></attr><attr><attrlabl Sync="TRUE">HYDROID</attrlabl><attalias Sync="TRUE">HYDROID</attalias><attrtype Sync="TRUE">Single</attrtype><attwidth Sync="TRUE">13</attwidth><atprecis Sync="TRUE">0</atprecis><attscale Sync="TRUE">0</attscale></attr><attr><attrlabl Sync="TRUE">Area</attrlabl><attalias Sync="TRUE">Area</attalias><attrtype Sync="TRUE">Integer</attrtype><attwidth Sync="TRUE">10</attwidth><atprecis Sync="TRUE">10</atprecis><attscale Sync="TRUE">0</attscale></attr><attr><attrlabl Sync="TRUE">Impervious</attrlabl><attalias Sync="TRUE">Impervious</attalias><attrtype Sync="TRUE">Double</attrtype><attwidth Sync="TRUE">19</attwidth><atprecis Sync="TRUE">0</atprecis><attscale Sync="TRUE">0</attscale></attr><attr><attrlabl Sync="TRUE">Len_Ft</attrlabl><attalias Sync="TRUE">Len_Ft</attalias><attrtype Sync="TRUE">Single</attrtype><attwidth Sync="TRUE">13</attwidth><atprecis Sync="TRUE">0</atprecis><attscale Sync="TRUE">0</attscale></attr><attr><attrlabl Sync="TRUE">CostEstima</attrlabl><attalias Sync="TRUE">CostEstima</attalias><attrtype Sync="TRUE">Double</attrtype><attwidth Sync="TRUE">19</attwidth><atprecis Sync="TRUE">0</atprecis><attscale Sync="TRUE">0</attscale></attr><attr><attrlabl Sync="TRUE">Area_mi</attrlabl><attalias Sync="TRUE">Area_mi</attalias><attrtype Sync="TRUE">Single</attrtype><attwidth Sync="TRUE">13</attwidth><atprecis Sync="TRUE">0</atprecis><attscale Sync="TRUE">0</attscale></attr><attr><attrlabl Sync="TRUE">Public_</attrlabl><attalias Sync="TRUE">Public_</attalias><attrtype Sync="TRUE">Double</attrtype><attwidth Sync="TRUE">19</attwidth><atprecis Sync="TRUE">0</atprecis><attscale Sync="TRUE">0</attscale></attr><attr><attrlabl Sync="TRUE">CostEsti_2</attrlabl><attalias Sync="TRUE">CostEsti_2</attalias><attrtype Sync="TRUE">Double</attrtype><attwidth Sync="TRUE">19</attwidth><atprecis Sync="TRUE">0</atprecis><attscale Sync="TRUE">0</attscale></attr><attr><attrlabl Sync="TRUE">Watershed</attrlabl><attalias Sync="TRUE">Watershed</attalias><attrtype Sync="TRUE">String</attrtype><attwidth Sync="TRUE">10</attwidth><atprecis Sync="TRUE">0</atprecis><attscale Sync="TRUE">0</attscale></attr><attr><attrlabl Sync="TRUE">NewCost</attrlabl><attalias Sync="TRUE">NewCost</attalias><attrtype Sync="TRUE">Double</attrtype><attwidth Sync="TRUE">19</attwidth><atprecis Sync="TRUE">0</atprecis><attscale Sync="TRUE">0</attscale></attr><attr><attrlabl Sync="TRUE">Shape_Leng</attrlabl><attalias Sync="TRUE">Shape_Leng</attalias><attrtype Sync="TRUE">Double</attrtype><attwidth Sync="TRUE">19</attwidth><atprecis Sync="TRUE">0</atprecis><attscale Sync="TRUE">0</attscale></attr><attr><attrlabl Sync="TRUE">StreamID</attrlabl><attalias Sync="TRUE">StreamID</attalias><attrtype Sync="TRUE">Integer</attrtype><attwidth Sync="TRUE">10</attwidth><atprecis Sync="TRUE">10</atprecis><attscale Sync="TRUE">0</attscale></attr><attr><attrlabl Sync="TRUE">FB_priv</attrlabl><attalias Sync="TRUE">FB_priv</attalias><attrtype Sync="TRUE">Double</attrtype><attwidth Sync="TRUE">19</attwidth><atprecis Sync="TRUE">0</atprecis><attscale Sync="TRUE">0</attscale></attr><attr><attrlabl Sync="TRUE">FB_pub</attrlabl><attalias Sync="TRUE">FB_pub</attalias><attrtype Sync="TRUE">Double</attrtype><attwidth Sync="TRUE">19</attwidth><atprecis Sync="TRUE">0</atprecis><attscale Sync="TRUE">0</attscale></attr><attr><attrlabl Sync="TRUE">FW_priv</attrlabl><attalias Sync="TRUE">FW_priv</attalias><attrtype Sync="TRUE">Double</attrtype><attwidth Sync="TRUE">19</attwidth><atprecis Sync="TRUE">0</atprecis><attscale Sync="TRUE">0</attscale></attr><attr><attrlabl Sync="TRUE">FW_pub</attrlabl><attalias Sync="TRUE">FW_pub</attalias><attrtype Sync="TRUE">Double</attrtype><attwidth Sync="TRUE">19</attwidth><atprecis Sync="TRUE">0</atprecis><attscale Sync="TRUE">0</attscale></attr><attr><attrlabl Sync="TRUE">FN_priv</attrlabl><attalias Sync="TRUE">FN_priv</attalias><attrtype Sync="TRUE">Double</attrtype><attwidth Sync="TRUE">19</attwidth><atprecis Sync="TRUE">0</atprecis><attscale Sync="TRUE">0</attscale></attr><attr><attrlabl Sync="TRUE">FN_pub</attrlabl><attalias Sync="TRUE">FN_pub</attalias><attrtype Sync="TRUE">Double</attrtype><attwidth Sync="TRUE">19</attwidth><atprecis Sync="TRUE">0</atprecis><attscale Sync="TRUE">0</attscale></attr><attr><attrlabl Sync="TRUE">MB_priv</attrlabl><attalias Sync="TRUE">MB_priv</attalias><attrtype Sync="TRUE">Double</attrtype><attwidth Sync="TRUE">19</attwidth><atprecis Sync="TRUE">0</atprecis><attscale Sync="TRUE">0</attscale></attr><attr><attrlabl Sync="TRUE">MB_pub</attrlabl><attalias Sync="TRUE">MB_pub</attalias><attrtype Sync="TRUE">Double</attrtype><attwidth Sync="TRUE">19</attwidth><atprecis Sync="TRUE">0</atprecis><attscale Sync="TRUE">0</attscale></attr><attr><attrlabl Sync="TRUE">MW_priv</attrlabl><attalias Sync="TRUE">MW_priv</attalias><attrtype Sync="TRUE">Double</attrtype><attwidth Sync="TRUE">19</attwidth><atprecis Sync="TRUE">0</atprecis><attscale Sync="TRUE">0</attscale></attr><attr><attrlabl Sync="TRUE">MW_pub</attrlabl><attalias Sync="TRUE">MW_pub</attalias><attrtype Sync="TRUE">Double</attrtype><attwidth Sync="TRUE">19</attwidth><atprecis Sync="TRUE">0</atprecis><attscale Sync="TRUE">0</attscale></attr><attr><attrlabl Sync="TRUE">MN_priv</attrlabl><attalias Sync="TRUE">MN_priv</attalias><attrtype Sync="TRUE">Double</attrtype><attwidth Sync="TRUE">19</attwidth><atprecis Sync="TRUE">0</atprecis><attscale Sync="TRUE">0</attscale></attr><attr><attrlabl Sync="TRUE">MN_pub</attrlabl><attalias Sync="TRUE">MN_pub</attalias><attrtype Sync="TRUE">Double</attrtype><attwidth Sync="TRUE">19</attwidth><atprecis Sync="TRUE">0</atprecis><attscale Sync="TRUE">0</attscale></attr><attr><attrlabl Sync="TRUE">XB_priv</attrlabl><attalias Sync="TRUE">XB_priv</attalias><attrtype Sync="TRUE">Double</attrtype><attwidth Sync="TRUE">19</attwidth><atprecis Sync="TRUE">0</atprecis><attscale Sync="TRUE">0</attscale></attr><attr><attrlabl Sync="TRUE">XB_pub</attrlabl><attalias Sync="TRUE">XB_pub</attalias><attrtype Sync="TRUE">Double</attrtype><attwidth Sync="TRUE">19</attwidth><atprecis Sync="TRUE">0</atprecis><attscale Sync="TRUE">0</attscale></attr><attr><attrlabl Sync="TRUE">XW_priv</attrlabl><attalias Sync="TRUE">XW_priv</attalias><attrtype Sync="TRUE">Double</attrtype><attwidth Sync="TRUE">19</attwidth><atprecis Sync="TRUE">0</atprecis><attscale Sync="TRUE">0</attscale></attr><attr><attrlabl Sync="TRUE">XW_pub</attrlabl><attalias Sync="TRUE">XW_pub</attalias><attrtype Sync="TRUE">Double</attrtype><attwidth Sync="TRUE">19</attwidth><atprecis Sync="TRUE">0</atprecis><attscale Sync="TRUE">0</attscale></attr><attr><attrlabl Sync="TRUE">perlbN_pri</attrlabl><attalias Sync="TRUE">perlbN_pri</attalias><attrtype Sync="TRUE">Double</attrtype><attwidth Sync="TRUE">19</attwidth><atprecis Sync="TRUE">0</atprecis><attscale Sync="TRUE">0</attscale></attr><attr><attrlabl Sync="TRUE">perlbN_pub</attrlabl><attalias Sync="TRUE">perlbN_pub</attalias><attrtype Sync="TRUE">Double</attrtype><attwidth Sync="TRUE">19</attwidth><atprecis Sync="TRUE">0</atprecis><attscale Sync="TRUE">0</attscale></attr><attr><attrlabl Sync="TRUE">Households</attrlabl><attalias Sync="TRUE">Households</attalias><attrtype Sync="TRUE">Integer</attrtype><attwidth Sync="TRUE">10</attwidth><atprecis Sync="TRUE">10</atprecis><attscale Sync="TRUE">0</attscale></attr><attr><attrlabl Sync="TRUE">FB_WTP</attrlabl><attalias Sync="TRUE">FB_WTP</attalias><attrtype Sync="TRUE">Double</attrtype><attwidth Sync="TRUE">19</attwidth><atprecis Sync="TRUE">0</atprecis><attscale Sync="TRUE">0</attscale></attr><attr><attrlabl Sync="TRUE">FW_WTP</attrlabl><attalias Sync="TRUE">FW_WTP</attalias><attrtype Sync="TRUE">Double</attrtype><attwidth Sync="TRUE">19</attwidth><atprecis Sync="TRUE">0</atprecis><attscale Sync="TRUE">0</attscale></attr><attr><attrlabl Sync="TRUE">FN_WTP</attrlabl><attalias Sync="TRUE">FN_WTP</attalias><attrtype Sync="TRUE">Double</attrtype><attwidth Sync="TRUE">19</attwidth><atprecis Sync="TRUE">0</atprecis><attscale Sync="TRUE">0</attscale></attr><attr><attrlabl Sync="TRUE">MB_WTP</attrlabl><attalias Sync="TRUE">MB_WTP</attalias><attrtype Sync="TRUE">Double</attrtype><attwidth Sync="TRUE">19</attwidth><atprecis Sync="TRUE">0</atprecis><attscale Sync="TRUE">0</attscale></attr><attr><attrlabl Sync="TRUE">MW_WTP</attrlabl><attalias Sync="TRUE">MW_WTP</attalias><attrtype Sync="TRUE">Double</attrtype><attwidth Sync="TRUE">19</attwidth><atprecis Sync="TRUE">0</atprecis><attscale Sync="TRUE">0</attscale></attr><attr><attrlabl Sync="TRUE">MN_WTP</attrlabl><attalias Sync="TRUE">MN_WTP</attalias><attrtype Sync="TRUE">Double</attrtype><attwidth Sync="TRUE">19</attwidth><atprecis Sync="TRUE">0</atprecis><attscale Sync="TRUE">0</attscale></attr><attr><attrlabl Sync="TRUE">XB_WTP</attrlabl><attalias Sync="TRUE">XB_WTP</attalias><attrtype Sync="TRUE">Double</attrtype><attwidth Sync="TRUE">19</attwidth><atprecis Sync="TRUE">0</atprecis><attscale Sync="TRUE">0</attscale></attr><attr><attrlabl Sync="TRUE">XW_WTP</attrlabl><attalias Sync="TRUE">XW_WTP</attalias><attrtype Sync="TRUE">Double</attrtype><attwidth Sync="TRUE">19</attwidth><atprecis Sync="TRUE">0</atprecis><attscale Sync="TRUE">0</attscale></attr><attr><attrlabl Sync="TRUE">F75</attrlabl><attalias Sync="TRUE">F75</attalias><attrtype Sync="TRUE">Single</attrtype><attwidth Sync="TRUE">13</attwidth><atprecis Sync="TRUE">0</atprecis><attscale Sync="TRUE">0</attscale></attr><attr><attrlabl Sync="TRUE">OpenRest</attrlabl><attalias Sync="TRUE">OpenRest</attalias><attrtype Sync="TRUE">Double</attrtype><attwidth Sync="TRUE">19</attwidth><atprecis Sync="TRUE">0</atprecis><attscale Sync="TRUE">0</attscale></attr><attr><attrlabl Sync="TRUE">CloseRest</attrlabl><attalias Sync="TRUE">CloseRest</attalias><attrtype Sync="TRUE">Double</attrtype><attwidth Sync="TRUE">19</attwidth><atprecis Sync="TRUE">0</atprecis><attscale Sync="TRUE">0</attscale></attr><attr><attrlabl Sync="TRUE">FB_WTPopen</attrlabl><attalias Sync="TRUE">FB_WTPopen</attalias><attrtype Sync="TRUE">Double</attrtype><attwidth Sync="TRUE">19</attwidth><atprecis Sync="TRUE">0</atprecis><attscale Sync="TRUE">0</attscale></attr><attr><attrlabl Sync="TRUE">FB_WTPclos</attrlabl><attalias Sync="TRUE">FB_WTPclos</attalias><attrtype Sync="TRUE">Double</attrtype><attwidth Sync="TRUE">19</attwidth><atprecis Sync="TRUE">0</atprecis><attscale Sync="TRUE">0</attscale></attr><attr><attrlabl Sync="TRUE">FB_WTP_no3</attrlabl><attalias Sync="TRUE">FB_WTP_no3</attalias><attrtype Sync="TRUE">Double</attrtype><attwidth Sync="TRUE">19</attwidth><atprecis Sync="TRUE">0</atprecis><attscale Sync="TRUE">0</attscale></attr><attr><attrlabl Sync="TRUE">Population</attrlabl><attalias Sync="TRUE">Population</attalias><attrtype Sync="TRUE">Double</attrtype><attwidth Sync="TRUE">19</attwidth><atprecis Sync="TRUE">0</atprecis><attscale Sync="TRUE">0</attscale></attr><attr><attrlabl Sync="TRUE">Mean_Media</attrlabl><attalias Sync="TRUE">Mean_Media</attalias><attrtype Sync="TRUE">Double</attrtype><attwidth Sync="TRUE">19</attwidth><atprecis Sync="TRUE">0</atprecis><attscale Sync="TRUE">0</attscale></attr><attr><attrlabl Sync="TRUE">O_NO3_WTP</attrlabl><attalias Sync="TRUE">O_NO3_WTP</attalias><attrtype Sync="TRUE">Double</attrtype><attwidth Sync="TRUE">19</attwidth><atprecis Sync="TRUE">0</atprecis><attscale Sync="TRUE">0</attscale></attr><attr><attrlabl Sync="TRUE">WTP_FB_O</attrlabl><attalias Sync="TRUE">WTP_FB_O</attalias><attrtype Sync="TRUE">Double</attrtype><attwidth Sync="TRUE">19</attwidth><atprecis Sync="TRUE">0</atprecis><attscale Sync="TRUE">0</attscale></attr><attr><attrlabl Sync="TRUE">Class_Grp</attrlabl><attalias Sync="TRUE">Class_Grp</attalias><attrtype Sync="TRUE">Integer</attrtype><attwidth Sync="TRUE">10</attwidth><atprecis Sync="TRUE">10</atprecis><attscale Sync="TRUE">0</attscale></attr><attr><attrlabl Sync="TRUE">O_N_WTPnew</attrlabl><attalias Sync="TRUE">O_N_WTPnew</attalias><attrtype Sync="TRUE">Double</attrtype><attwidth Sync="TRUE">19</attwidth><atprecis Sync="TRUE">0</atprecis><attscale Sync="TRUE">0</attscale></attr><attr><attrlabl Sync="TRUE">WTP_FB_O1</attrlabl><attalias Sync="TRUE">WTP_FB_O1</attalias><attrtype Sync="TRUE">Double</attrtype><attwidth Sync="TRUE">19</attwidth><atprecis Sync="TRUE">0</atprecis><attscale Sync="TRUE">0</attscale></attr><attr><attrlabl Sync="TRUE">C_N_WTPnew</attrlabl><attalias Sync="TRUE">C_N_WTPnew</attalias><attrtype Sync="TRUE">Double</attrtype><attwidth Sync="TRUE">19</attwidth><atprecis Sync="TRUE">0</atprecis><attscale Sync="TRUE">0</attscale></attr><attr><attrlabl Sync="TRUE">WTP_GB_O</attrlabl><attalias Sync="TRUE">WTP_GB_O</attalias><attrtype Sync="TRUE">Double</attrtype><attwidth Sync="TRUE">19</attwidth><atprecis Sync="TRUE">0</atprecis><attscale Sync="TRUE">0</attscale></attr><attr><attrlabl Sync="TRUE">Shape_Le_1</attrlabl><attalias Sync="TRUE">Shape_Le_1</attalias><attrtype Sync="TRUE">Double</attrtype><attwidth Sync="TRUE">19</attwidth><atprecis Sync="TRUE">0</atprecis><attscale Sync="TRUE">0</attscale></attr><attr><attrlabl Sync="TRUE">FB_per</attrlabl><attalias Sync="TRUE">FB_per</attalias><attrtype Sync="TRUE">Double</attrtype><attwidth Sync="TRUE">19</attwidth><atprecis Sync="TRUE">0</atprecis><attscale Sync="TRUE">0</attscale></attr><attr><attrlabl Sync="TRUE">GB_per</attrlabl><attalias Sync="TRUE">GB_per</attalias><attrtype Sync="TRUE">Double</attrtype><attwidth Sync="TRUE">19</attwidth><atprecis Sync="TRUE">0</atprecis><attscale Sync="TRUE">0</attscale></attr></detailed></eainfo><mdDateSt Sync="TRUE">20210823</mdDateSt></metadata>
